"Id","Entity__c","Entity_Name__c","Type__c","Executed_Product_Name__c"
"a0l200000061OOMAA2","","0012000000qXNzMAAW","General Insurance","Bajaj Allianz Premium Personal Guard"
"a0l200000061OONAA2","","0012000000qXNzMAAW","General Insurance","Bajaj Allianz Extra Care"
"a0l200000061OOOAA2","","0012000000qXNzMAAW","General Insurance","Bajaj Allianz Health Guard"
"a0l200000061OOPAA2","","0012000000qXNzMAAW","General Insurance","Bajaj Allianz Critical Illness"
"a0l200000061OOQAA2","","0012000000qXNzMAAW","Life Insurance","HDFC Life Click 2 Protect"
"a0l200000061OORAA2","","0012000000qXNzMAAW","Lumpsum","DSP Equity Gr"
"a0l200000061OOSAA2","","0012000000qXNzMAAW","SIP","DSP Equity Gr"
"a0l200000061OOTAA2","","0012000000qXNzMAAW","Lumpsum","ICICI Focused bluechip Eq G"
"a0l200000061OOUAA2","","0012000000qXNzMAAW","SIP","ICICI Focused bluechip Eq G"
"a0l200000061OOVAA2","","0012000000qXNzMAAW","Lumpsum","IDFC MM TP A"
"a0l200000061OOWAA2","","0012000000qXNzMAAW","SIP","IDFC MM TP A"
"a0l200000061OOXAA2","","0012000000qXNzMAAW","Lumpsum","BSL Dynamic Gr"
"a0l200000061OOYAA2","","0012000000qXNzMAAW","SIP","BSL Dynamic Gr"
"a0l200000061OOZAA2","","0012000000qXNzMAAW","Lumpsum","HDFC High Interest ST"
"a0l200000061OOaAAM","","0012000000qXNzMAAW","SIP","HDFC High Interest ST"
"a0l200000061OObAAM","","0012000000qXNzMAAW","Lumpsum","IDFC Premier Equity Gr"
"a0l200000061OOcAAM","","0012000000qXNzMAAW","Lumpsum","IDFC Premier Equity Gr"
"a0l200000061OOdAAM","","0012000000qXNzMAAW","SIP","IDFC Premier Equity Gr"
"a0l200000061OOeAAM","","0012000000qXNzMAAW","Lumpsum","Reliance Gold Savings Gr"
"a0l200000061OOfAAM","","0012000000qXNzMAAW","SIP","Reliance Gold Savings Gr"
"a0l200000061OOgAAM","","0012000000qXNzMAAW","Lumpsum","Fixed Deposit"
"a0l200000061OOhAAM","","0012000000qXNzMAAW","Lumpsum","IDFC MM treasury A"
"a0l200000061OOiAAM","","0012000000qXNzMAAW","Lumpsum","HDFC Hi Short Term"
"a0l200000061OOjAAM","","0012000000qXNzMAAW","Lumpsum","BSL Dynamic"
"a0l200000061OOkAAM","","0012000000qXNzMAAW","Lumpsum","Pramerica Short Term Income"
"a0l200000061OOlAAM","","0012000000qXNzMAAW","Lumpsum","BSL Dynamic"
"a0l200000061OOmAAM","","0012000000qXNzMAAW","Lumpsum","Reliance gold Savings"
"a0l200000061OOnAAM","","0012000000qXNzMAAW","Lumpsum","ICICI Focused Blue Chip Equity"
"a0l200000061OOoAAM","","0012000000qXNzMAAW","Lumpsum","Pramerica Equity"
"a0l200000061OOpAAM","","0012000000qXNzMAAW","Lumpsum","DSP Equity"
"a0l200000061OOqAAM","","0012000000qXNzMAAW","Lumpsum","IDFC Premier Equity"
"a0l200000061OOrAAM","","0012000000qXNzMAAW","SIP","Pramerica Short Term Income"
"a0l200000061OOsAAM","","0012000000qXNzMAAW","SIP","Axis Triple Advantage"
"a0l200000061OOtAAM","","0012000000qXNzMAAW","SIP","BSL Frontline Equity"
"a0l200000061OOuAAM","","0012000000qXNzMAAW","SIP","Pramerica Equity"
"a0l200000061OOvAAM","","0012000000qXNzMAAW","SIP","DSP Equity"
"a0l200000061OOwAAM","","0012000000qXNzMAAW","SIP","IDFC Premier Equity"
"a0l200000061OOxAAM","","0012000000qXNzMAAW","SIP","BSL Dynamic"
"a0l200000061OOyAAM","","0012000000qXNzMAAW","SIP","Reliance Gold Savings"
"a0l200000061OOzAAM","","0012000000qXNzMAAW","SIP","BSL Frontline Equity"
"a0l200000061OP0AAM","","0012000000qXNzMAAW","SIP","DSP Equity"
"a0l200000061OP1AAM","","0012000000qXNzMAAW","SIP","Pramerica Equity"
"a0l200000061OP2AAM","","0012000000qXNzMAAW","SIP","BSL Dynamic"
"a0l200000061OP3AAM","","0012000000qXNzMAAW","SIP","Axis Triple Advantage"
"a0l200000061OP4AAM","","0012000000qXNzMAAW","SIP","BSL Frontline Equity"
"a0l200000061OP5AAM","","0012000000qXNzMAAW","SIP","Pramerica Equity"
"a0l200000061OP6AAM","","0012000000qXNzMAAW","SIP","DSP Equity"
"a0l200000061OP7AAM","","0012000000qXNzMAAW","SIP","IDFC Premier Equity"
"a0l200000061OP8AAM","","0012000000qXNzMAAW","SIP","ICICI Focused Bluechip Equity"
"a0l200000061PMQAA2","","0012000000yF5ZOAA0","SIP","IDFC Dynamic"
"a0l200000061PMRAA2","","0012000000yF5ZOAA0","SIP","Gold ETF"
"a0l200000061PMsAAM","","0012000000yF5ZOAA0","Lumpsum","DSP Money Manager"
"a0l200000061PMtAAM","","0012000000yF5ZOAA0","Lumpsum","IDFC Premier Equity"
"a0l200000061PMuAAM","","0012000000yF5ZOAA0","Lumpsum","IDFC Sterling Equity"
"a0l200000061PMvAAM","","0012000000yF5ZOAA0","Lumpsum","IDFC MM Treasury A"
"a0l200000061PMwAAM","","0012000000yF5ZOAA0","Lumpsum","IDFC Short Term Plan"
"a0l200000061PMxAAM","","0012000000yF5ZOAA0","Lumpsum","IDFC Nifty Fund -D"
"a0l200000061PN9AAM","","0012000000yKSe7AAG","Lumpsum","IDFC Sterling Equity"
"a0l200000061PNAAA2","","0012000000yKSeCAAW","Lumpsum","IDFC Premier Equity"
"a0l200000061PMSAA2","","0012000000yF5ZOAA0","SIP","BSL Frontline Equity"
"a0l200000061PMTAA2","","0012000000yF5ZOAA0","SIP","DSP Equity"
"a0l200000061PMUAA2","","0012000000yF5ZOAA0","SIP","IDFC Premier Equity"
"a0l200000061PMVAA2","","0012000000yF5ZOAA0","SIP","IDFC Dynamic Bond"
"a0l200000061PMWAA2","","0012000000yF5ZOAA0","SIP","Gold ETF"
"a0l200000061PMXAA2","","0012000000yF5ZOAA0","SIP","BSL Frontline Equity"
"a0l200000061PM8AAM","","0012000000yF5ZOAA0","SIP","IDFC Dynamic Bond"
"a0l200000061PM9AAM","","0012000000yF5ZOAA0","SIP","Gold ETF"
"a0l200000061PMAAA2","","0012000000yF5ZOAA0","SIP","BSL Frontline Equity"
"a0l200000061PMBAA2","","0012000000yF5ZOAA0","SIP","IDFC Premier Equity"
"a0l200000061PMCAA2","","0012000000yF5ZOAA0","SIP","DSP Equity"
"a0l200000061PMDAA2","","0012000000yF5ZOAA0","SIP","IDFC Sterling Equity"
"a0l200000061PMEAA2","","0012000000yF5ZOAA0","SIP","IDFC Dynamic Bond Fund"
"a0l200000061PMYAA2","","0012000000yF5ZOAA0","SIP","DSP Equity"
"a0l200000061PMZAA2","","0012000000yF5ZOAA0","SIP","IDFC Premier Equity"
"a0l200000061PMFAA2","","0012000000yF5ZOAA0","SIP","Gold ETF"
"a0l200000061PMGAA2","","0012000000yF5ZOAA0","SIP","BSL Frontline Equity"
"a0l200000061PMHAA2","","0012000000yF5ZOAA0","SIP","IDFC Premier Equity"
"a0l200000061PMIAA2","","0012000000yF5ZOAA0","SIP","DSP Equity"
"a0l200000061PMyAAM","","0012000000yF5ZOAA0","Lumpsum","SSIF -Medium Term-Plan"
"a0l200000061PMzAAM","","0012000000yF5ZOAA0","Lumpsum","IDFC Money Manager Fund"
"a0l200000061PN0AAM","","0012000000yF5ZOAA0","Life Insurance","HDFC Life Click 2 protect"
"a0l200000061PMJAA2","","0012000000yF5ZOAA0","SIP","IDFC Sterling Equity"
"a0l200000061PMKAA2","","0012000000yF5ZOAA0","SIP","IDFC Dynamic Bond Fund"
"a0l200000061PMLAA2","","0012000000yF5ZOAA0","SIP","Gold ETF"
"a0l200000061PMMAA2","","0012000000yF5ZOAA0","SIP","BSL Frontline Equity"
"a0l200000061PMNAA2","","0012000000yF5ZOAA0","SIP","IDFC Sterling Equity"
"a0l200000061PMOAA2","","0012000000yF5ZOAA0","SIP","DSP Equity"
"a0l200000061PMPAA2","","0012000000yF5ZOAA0","SIP","IDFC Premier Equity"
"a0l200000061PMaAAM","","0012000000yF5ZOAA0","SIP","IDFC Sterling Equity"
"a0l200000061PMbAAM","","0012000000yF5ZOAA0","SIP","IDFC Dynamic Bond Fund"
"a0l200000061PMcAAM","","0012000000yF5ZOAA0","SIP","Gold ETF"
"a0l200000061PMdAAM","","0012000000yF5ZOAA0","SIP","BSL Frontline Equity"
"a0l200000061PMeAAM","","0012000000yF5ZOAA0","SIP","DSP Equity"
"a0l200000061PMfAAM","","0012000000yF5ZOAA0","SIP","IDFC Sterling Equity"
"a0l200000061PMgAAM","","0012000000yF5ZOAA0","SIP","IDFC Premier Equity"
"a0l200000061PMhAAM","","0012000000yF5ZOAA0","SIP","BSL Savings"
"a0l200000061PN1AAM","","0012000000yF5ZOAA0","General Insurance","Bajaj Allianz Health Guard"
"a0l200000061PN2AAM","","0012000000yF5ZOAA0","General Insurance","Bajaj Allianz Critical Illness"
"a0l200000061PN3AAM","","0012000000yF5ZOAA0","General Insurance","Bajaj Allianz Premium Personal Guard"
"a0l200000061PN4AAM","","0012000000yF5ZOAA0","General Insurance","Bajaj Allianz Critical Illness"
"a0l200000061PN5AAM","","0012000000yF5ZOAA0","General Insurance","Bajaj Allianz Health Guard"
"a0l200000061PN6AAM","","0012000000yF5ZOAA0","General Insurance","Bajaj Allianz Health Guard"
"a0l200000061PN7AAM","","0012000000yF5ZOAA0","General Insurance","Bajaj Allianz Extra Care"
"a0l200000061PN8AAM","","0012000000yF5ZOAA0","General Insurance","Bajaj Allianz Health Guard"
"a0l200000061PMiAAM","","0012000000yF5ZOAA0","SIP","IDFC MM Treasury A"
"a0l200000061PMjAAM","","0012000000yF5ZOAA0","Lumpsum","IDFC Dynamic Bond"
"a0l200000061PMkAAM","","0012000000yF5ZOAA0","Lumpsum","Gold ETF"
"a0l200000061PMlAAM","","0012000000yF5ZOAA0","Lumpsum","BSL Frontline Equity"
"a0l200000061PMmAAM","","0012000000yF5ZOAA0","Lumpsum","DSP Equity"
"a0l200000061PMnAAM","","0012000000yF5ZOAA0","Lumpsum","IDFC Sterling Equity"
"a0l200000061PMoAAM","","0012000000yF5ZOAA0","Lumpsum","IDFC MM Treasury A"
"a0l200000061PMpAAM","","0012000000yF5ZOAA0","Lumpsum","Gold ETF"
"a0l200000061PMqAAM","","0012000000yF5ZOAA0","Lumpsum","BSL Savings"
"a0l200000061PMrAAM","","0012000000yF5ZOAA0","Lumpsum","IDFC MM Treasury A"
"a0l200000061JwMAAU","","00120000010PEEDAA4","Lumpsum","IDFC Money Manager"
"a0l200000061JwNAAU","","00120000010PEEDAA4","Lumpsum","BSL Savings"
"a0l200000061JwOAAU","","00120000010PEEDAA4","Lumpsum","ICICI Dynamic"
"a0l200000061JwPAAU","","00120000010PEEDAA4","Lumpsum","Pramerica Equity"
"a0l200000061JwQAAU","","00120000010PEEDAA4","Lumpsum","Axis Triple Advantage"
"a0l200000061JwRAAU","","00120000010PEEDAA4","Lumpsum","Birla SL Dynamic Bond Fund"
"a0l200000061JwSAAU","","00120000010PEEDAA4","Lumpsum","Pramerica Short Term Income"
"a0l200000061JwTAAU","","00120000010PEEDAA4","Lumpsum","HDFC Tax Saver (Dividend)"
"a0l200000061JwUAAU","","00120000010PEEDAA4","SIP","Pramerica Short Term Income"
"a0l200000061JwVAAU","","00120000010PEEDAA4","SIP","Axis Triple Advantage"
"a0l200000061JwWAAU","","00120000010PEEDAA4","SIP","Pramerica Equity"
"a0l200000061JwXAAU","","00120000010PEEDAA4","SIP","IDFC Premier Equity"
"a0l200000061JwYAAU","","00120000010PEEDAA4","SIP","ICICI Dynamic"
"a0l200000061JwZAAU","","00120000010PEEDAA4","SIP","Birla SL Frontline Equity"
"a0l200000061JwaAAE","","00120000010PEEDAA4","SIP","Pramerica Short Term Income"
"a0l200000061JwbAAE","","00120000010PEEDAA4","SIP","Axis Triple Advantage"
"a0l200000061JwcAAE","","00120000010PEEDAA4","SIP","Pramerica Equity"
"a0l200000061JwdAAE","","00120000010PEEDAA4","SIP","IDFC Premier Equity"
"a0l200000061JweAAE","","00120000010PEEDAA4","SIP","ICICI Dynamic"
"a0l200000061JwfAAE","","00120000010PEEDAA4","SIP","Birla SL Frontline Equity"
"a0l200000061JwgAAE","","00120000010PEEDAA4","SIP","Pramerica Short Term Income"
"a0l200000061JwhAAE","","00120000010PEEDAA4","SIP","Axis Triple Advantage"
"a0l200000061JwiAAE","","00120000010PEEDAA4","SIP","Pramerica Equity"
"a0l200000061JwjAAE","","00120000010PEEDAA4","SIP","IDFC Premier Equity"
"a0l200000061JwkAAE","","00120000010PEEDAA4","SIP","ICICI Dynamic"
"a0l200000061JwlAAE","","00120000010PEEDAA4","SIP","Birla SL Frontline Equity"
"a0l200000061JwmAAE","","00120000010PEEDAA4","SIP","Pramerica Short Term Income"
"a0l200000061JwnAAE","","00120000010PEEDAA4","SIP","Axis Triple Advantage"
"a0l200000061JwoAAE","","00120000010PEEDAA4","SIP","IDFC Premier Equity"
"a0l200000061JwpAAE","","00120000010PEEDAA4","SIP","Pramerica Equity"
"a0l200000061JwqAAE","","00120000010PEEDAA4","SIP","ICICI Dynamic"
"a0l200000061JwrAAE","","00120000010PEEDAA4","SIP","Birla SL Frontline Equity"
"a0l200000061JwsAAE","","00120000010PEEDAA4","SIP","ICICI Dynamic"
"a0l200000061JwtAAE","","00120000010PEEDAA4","SIP","Pramerica Equity"
"a0l200000061JwuAAE","","00120000010PEEDAA4","SIP","Birla SL Frontline Equity"
"a0l200000061JwvAAE","","00120000010PEEDAA4","SIP","Axis Triple Advantage"
"a0l200000061JwwAAE","","00120000010PEEDAA4","SIP","BSL Dynamic Bond Fund"
"a0l200000061JwxAAE","","00120000010PEEDAA4","SIP","Pramerica Short Term Income"
"a0lw0000008sev1AAA","","00120000011D6AjAAK","Lumpsum","Birla Sun Life Savings Fund"
"a0lw0000008sev2AAA","","00120000011D6AjAAK","Lumpsum","Reliance Equity Opportunities Fund"
"a0lw0000008sev3AAA","","00120000011D6AjAAK","Lumpsum","Pramerica Equity Fund"
"a0lw0000008sev4AAA","","00120000011D6AjAAK","Lumpsum","Birla Sun Life Frontline Equity Fund"
"a0lw0000008sev5AAA","","00120000011D6AjAAK","Lumpsum","Axis Triple Advanatage Fund"
"a0lw0000008sev6AAA","","00120000011D6AjAAK","Lumpsum","Birla Sun Life Dynamic Bond Fund"
"a0lw0000008sev7AAA","","00120000011D6AjAAK","Lumpsum","Reliance Equity Opportunities Fund"
"a0lw0000008sev8AAA","","00120000011D6AjAAK","Lumpsum","Axis Equity Fund"
"a0lw0000008sev9AAA","","00120000011D6AjAAK","Lumpsum","Birla Sun Life Frontline Equity Fund"
"a0lw0000008sevAAAQ","","00120000011D6AjAAK","Lumpsum","Axis Triple Advanatage Fund"
"a0lw0000008sevBAAQ","","00120000011D6AjAAK","Lumpsum","Birla Sun Life Dynamic Bond Fund"
"a0lw0000008sevCAAQ","","00120000011D6AjAAK","Lumpsum","Reliance Equity Opportunities Fund"
"a0lw0000008sevDAAQ","","00120000011D6AjAAK","Lumpsum","Pramerica Equity Fund"
"a0lw0000008sevEAAQ","","00120000011D6AjAAK","Lumpsum","Birla Sun Life Frontline Equity Fund"
"a0lw0000008sevFAAQ","","00120000011D6AjAAK","Lumpsum","Axis Triple Advanatage Fund"
"a0lw0000008sevGAAQ","","00120000011D6AjAAK","Lumpsum","Birla Sun Life Dynamic Bond Fund"
"a0lw0000008sevHAAQ","","00120000011D6AjAAK","SIP","Reliance Equity Opportunities Fund"
"a0lw0000008sevIAAQ","","00120000011D6AjAAK","SIP","Pramerica Equity Fund"
"a0lw0000008sevJAAQ","","00120000011D6AjAAK","SIP","Birla Sun Life Frontline Equity Fund"
"a0lw0000008sevKAAQ","","00120000011D6AjAAK","SIP","Axis Triple Advanatage Fund"
"a0lw0000008sevLAAQ","","00120000011D6AjAAK","SIP","Birla Sun Life Dynamic Bond Fund"
"a0lw0000008sevMAAQ","","00120000011D6AjAAK","SIP","Reliance Equity Opportunities Fund"
"a0lw0000008sevNAAQ","","00120000011D6AjAAK","SIP","Pramerica Equity Fund"
"a0lw0000008sevOAAQ","","00120000011D6AjAAK","SIP","Birla Sun Life Frontline Equity Fund"
"a0lw0000008sevPAAQ","","00120000011D6AjAAK","SIP","Axis Triple Advanatage Fund"
"a0lw0000008sevQAAQ","","00120000011D6AjAAK","SIP","Birla Sun Life Dynamic Bond Fund"
"a0lw0000008sevRAAQ","","00120000011D6AjAAK","SIP","Reliance Equity Opportunities Fund"
"a0lw0000008sevSAAQ","","00120000011D6AjAAK","SIP","Pramerica Equity Fund"
"a0lw0000008sevTAAQ","","00120000011D6AjAAK","SIP","Birla Sun Life Frontline Equity Fund"
"a0lw0000008sevUAAQ","","00120000011D6AjAAK","SIP","Axis Triple Advanatage Fund"
"a0lw0000008sevVAAQ","","00120000011D6AjAAK","SIP","Birla Sun Life Dynamic Bond Fund"
"a0lw0000008sevWAAQ","","00120000011D6AjAAK","SIP","Reliance Equity Opportunities Fund"
"a0lw0000008sevXAAQ","","00120000011D6AjAAK","SIP","Pramerica Equity Fund"
"a0lw0000008sevYAAQ","","00120000011D6AjAAK","SIP","Birla Sun Life Frontline Equity Fund"
"a0lw0000008sevZAAQ","","00120000011D6AjAAK","SIP","Axis Triple Advantage Fund"
"a0lw0000008sevaAAA","","00120000011D6AjAAK","SIP","Birla Sun Life Dynamic Bond Fund"
"a0lw0000008sevbAAA","","00120000011D6AjAAK","SIP","Reliance Equity Opportunities Fund"
"a0lw0000008sevcAAA","","00120000011D6AjAAK","SIP","Pramerica Equity Fund"
"a0lw0000008sevdAAA","","00120000011D6AjAAK","SIP","Birla Sun Life Frontline Equity Fund"
"a0lw0000008seveAAA","","00120000011D6AjAAK","SIP","Axis Triple Advantage Fund"
"a0lw0000008sevfAAA","","00120000011D6AjAAK","SIP","Birla Sun Life Dynamic Bond Fund"
"a0lw0000008shgzAAA","","0012000000js6ucAAA","SIP","Birla Sun Life Dynamic Bond Fund"
"a0lw0000008shh0AAA","","0012000000js6ucAAA","SIP","Birla Sun Life Dynamic Bond Fund"
"a0lw0000008shh1AAA","","0012000000js6ucAAA","SIP","HDFC Top 200 Fund"
"a0lw0000008shh2AAA","","0012000000js6ucAAA","SIP","UTI Opportunities"
"a0lw0000008shh3AAA","","0012000000js6ucAAA","SIP","Axis Equity Fund"
"a0lw0000008shh4AAA","","0012000000js6ucAAA","SIP","IDFC Premier Equity Fund - Plan A"
"a0lw0000008shh5AAA","","0012000000js6ucAAA","SIP","ICICI Prudential Short Term"
"a0lw0000008shh6AAA","","0012000000js6ucAAA","Lumpsum","Birla Sun Life Dynamic Bond Fund"
"a0lw0000008shh7AAA","","0012000000js6ucAAA","Lumpsum","Birla Sun Life Dynamic Bond Fund"
"a0lw0000008shh8AAA","","0012000000js6ucAAA","Lumpsum","ICICI Prudential Short Term"
"a0lw0000008shh9AAA","","0012000000js6ucAAA","Lumpsum","HDFC Top 200 Fund"
"a0lw0000008shhAAAQ","","0012000000js6ucAAA","Lumpsum","ICICI Dynamic Plan"
"a0lw0000008shhBAAQ","","0012000000js6ucAAA","Lumpsum","IDFC Premier Equity Fund - Plan A"
"a0lw0000008shhCAAQ","","0012000000js6ucAAA","Lumpsum","Savings Account"
"a0lw0000008shhDAAQ","","0012000000js6ucAAA","Lumpsum","IDFC Money Manager Fund - Treasury Plan A"
"a0lw0000008shhEAAQ","","0012000000js6ucAAA","Lumpsum","IDFC - Premier Equity Fund Reg (G) [Folio:1286737/01]"
"a0lw0000008shhFAAQ","","0012000000js6ucAAA","SIP","IDFC - Premier Equity Fund Reg (G) [Folio:1286737/01]"
"a0lw0000008shhGAAQ","","0012000000js6ucAAA","Lumpsum","IDFC Money Manager Fund - Treasury Plan A"
"a0lw0000008shhHAAQ","","0012000000js6ucAAA","Lumpsum","Axis Triple Advantage Fund"
"a0lw0000008shhIAAQ","","0012000000js6ucAAA","SIP","Axis Triple Advantage Fund"
"a0lw0000008shhJAAQ","","0012000000js6ucAAA","Lumpsum","Axis Triple Advantage Fund"
"a0lw0000008shhKAAQ","","0012000000js6ucAAA","Lumpsum","DSP BlackRock Equity Fund"
"a0lw0000008shhLAAQ","","0012000000js6ucAAA","SIP","DSP BlackRock Equity Fund Growth"
"a0lw0000008shhMAAQ","","0012000000js6ucAAA","Lumpsum","Birla Sun Life Savings Fund"
"a0lw0000008shhNAAQ","","0012000000js6ucAAA","Lumpsum","Birla Sun Life Savings Fund"
"a0lw0000008shhOAAQ","","0012000000js6ucAAA","Lumpsum","Birla SL - DBF Ret (G) [Folio:1015942109]"
"a0lw0000008shhPAAQ","","0012000000js6ucAAA","SIP","Birla SL - DBF Ret (G) [Folio:1015942109]"
"a0lw0000008shhQAAQ","","0012000000js6ucAAA","Lumpsum","HDFC - Top 200 Fund - (G) [Folio:7947423/40]"
"a0lw0000008shhRAAQ","","0012000000js6ucAAA","SIP","HDFC - Top 200 Fund - (G) [Folio:7947423/40]"
"a0lw0000008shhSAAQ","","0012000000js6ucAAA","General Insurance","Bajaj Allianz Premier Personal Guard"
"a0lw0000008sfd0AAA","","0012000000xDOi0AAG","Lumpsum","IDFC MIP"
"a0lw0000008sfd1AAA","","0012000000xDOi0AAG","Lumpsum","BSL Dynamic Bond Fund"
"a0lw0000008sfd2AAA","","0012000000xDOi0AAG","Lumpsum","BSL Frontline Equity"
"a0lw0000008sfd3AAA","","0012000000xDOi0AAG","Lumpsum","Pramerica Equity"
"a0lw0000008sfd4AAA","","0012000000xDOi0AAG","Lumpsum","Pramerica Short Term Income"
"a0lw0000008sfd5AAA","","0012000000xDOi0AAG","Lumpsum","BSL Dynamic Bond Fund"
"a0lw0000008sfd6AAA","","0012000000xDOi0AAG","Lumpsum","BSL Frontline Equity"
"a0lw0000008sfd7AAA","","0012000000xDOi0AAG","Lumpsum","Pramerica Equity"
"a0lw0000008sfd8AAA","","0012000000xDOi0AAG","SIP","Pramerica Short Term Income"
"a0lw0000008sfd9AAA","","0012000000xDOi0AAG","SIP","Axis Triple Advantage"
"a0lw0000008sfdAAAQ","","0012000000xDOi0AAG","SIP","BSL Frontline Equity"
"a0lw0000008sfdBAAQ","","0012000000xDOi0AAG","SIP","Pramerica Equity"
"a0lw0000008sfdCAAQ","","0012000000xDOi0AAG","SIP","DSP Equity"
"a0lw0000008sfdDAAQ","","0012000000xDOi0AAG","SIP","IDFC Premier Equity"
"a0lw0000008sfdEAAQ","","0012000000xDOi0AAG","SIP","Pramerica Short Term Income"
"a0lw0000008sfdFAAQ","","0012000000xDOi0AAG","SIP","BSL Dynamic Bond Fund"
"a0lw0000008sfdGAAQ","","0012000000xDOi0AAG","SIP","Axis Triple Advantage"
"a0lw0000008sfdHAAQ","","0012000000xDOi0AAG","SIP","BSL Frontline Equity"
"a0lw0000008sfdIAAQ","","0012000000xDOi0AAG","SIP","Pramerica Equity"
"a0lw0000008sfdJAAQ","","0012000000xDOi0AAG","SIP","DSP Equity"
"a0lw0000008sfdKAAQ","","0012000000xDOi0AAG","SIP","IDFC Premier Equity"
"a0lw0000008sfdLAAQ","","0012000000xDOi0AAG","SIP","Pramerica Short Term Income"
"a0lw0000008sfdMAAQ","","0012000000xDOi0AAG","SIP","BSL Dynamic Bond Fund"
"a0lw0000008sfdNAAQ","","0012000000xDOi0AAG","SIP","Pramerica Short Term Income"
"a0lw0000008sfdOAAQ","","0012000000xDOi0AAG","SIP","BSL Dynamic Bond Fund"
"a0lw0000008sfdPAAQ","","0012000000xDOi0AAG","SIP","BSL Frontline Equity"
"a0lw0000008sfdQAAQ","","0012000000xDOi0AAG","SIP","Pramerica Equity"
"a0lw0000008sfdRAAQ","","0012000000xDOi0AAG","SIP","Pramerica Short Term Income"
"a0lw0000008sfdSAAQ","","0012000000xDOi0AAG","SIP","BSL Dynamic Bond Fund"
"a0lw0000008sfdTAAQ","","0012000000yJpqWAAS","Lumpsum","UTI - Energy Fund"
"a0lw0000008sfdUAAQ","","0012000000yJpqXAAS","Lumpsum","UTI - Energy Fund"
"a0lw0000008sfckAAA","","0012000000xDOi0AAG","General Insurance","Bajaj Allianz Extra Care"
"a0lw0000008sfclAAA","","0012000000xDOi0AAG","General Insurance","Bajaj Allianz Critical Illness"
"a0lw0000008sfcmAAA","","0012000000xDOi0AAG","General Insurance","Bajaj Allianz Critical Illness"
"a0lw0000008sfcnAAA","","0012000000xDOi0AAG","Life Insurance","HDFC Life Click2Protect"
"a0lw0000008sfcoAAA","","0012000000xDOi0AAG","Lumpsum","UTI - Energy Fund"
"a0lw0000008sfcpAAA","","0012000000xDOi0AAG","Lumpsum","UTI Infra G"
"a0lw0000008sfcqAAA","","0012000000xDOi0AAG","Lumpsum","Savings A/c - From FD's"
"a0lw0000008sfcrAAA","","0012000000xDOi0AAG","Lumpsum","BSL Savings"
"a0lw0000008sfcsAAA","","0012000000xDOi0AAG","Lumpsum","IDFC Money Manager Treasury A"
"a0lw0000008sfctAAA","","0012000000xDOi0AAG","Lumpsum","Pramerica Short Term Income"
"a0lw0000008sfcuAAA","","0012000000xDOi0AAG","Lumpsum","Axis Triple Advantage"
"a0lw0000008sfcvAAA","","0012000000xDOi0AAG","Lumpsum","Kotak Select Focus Fund "
"a0lw0000008sfcwAAA","","0012000000xDOi0AAG","Lumpsum","Kotak Select Focus Fund "
"a0lw0000008sfcxAAA","","0012000000xDOi0AAG","Lumpsum","HDFC Top 200"
"a0lw0000008sfcyAAA","","0012000000xDOi0AAG","Lumpsum","IDFC MIP"
"a0lw0000008sfczAAA","","0012000000xDOi0AAG","Lumpsum","IDFC Premier Equity"
"a0lw0000008shhkAAA","","00120000012CrsLAAS","Lumpsum","Birla Sun Life Short Term"
"a0lw0000008shhlAAA","","00120000012CrsLAAS","Lumpsum","ICICI Prudential Short Term"
"a0lw0000008shhmAAA","","00120000012CrsLAAS","Lumpsum","ICICI Dynamic Plan"
"a0lw0000008shhnAAA","","00120000012CrsLAAS","Lumpsum","Axis Equity Fund"
"a0lw0000008shhoAAA","","00120000012CrsLAAS","Lumpsum","ICICI Prudential Short Term"
"a0lw0000008shhpAAA","","00120000012CrsLAAS","SIP","Birla Sun Life Savings Fund"
"a0lw0000008shhqAAA","","00120000012CrsLAAS","SIP","Axis Treasury Advantage Fund"
"a0lw0000008shhrAAA","","00120000012CrsLAAS","SIP","ICICI Prudential Regular Gold Savings Fund"
"a0lw0000008shhsAAA","","00120000012CrsLAAS","SIP","Birla Sun Life Dynamic Bond Fund"
"a0lw0000008shhtAAA","","00120000012CrsLAAS","SIP","Reliance Equity Opportunities Fund"
"a0lw0000008shhuAAA","","00120000012CrsLAAS","SIP","IDFC Premier Equity Fund - Plan A"
"a0lw0000008shhvAAA","","00120000012CrsLAAS","SIP","ICICI Dynamic Plan"
"a0lw0000008shhwAAA","","00120000012CrsLAAS","SIP","HDFC Top 200 Fund"
"a0lw0000008shhxAAA","","00120000012CrsLAAS","SIP","Axis Equity Fund"
"a0lw0000008shhyAAA","","00120000012CrsLAAS","SIP","Axis Equity Fund"
"a0lw0000008shhzAAA","","00120000012CrsLAAS","SIP","HDFC Top 200 Fund"
"a0lw0000008shi0AAA","","00120000012CrsLAAS","SIP","ICICI Dynamic Plan"
"a0lw0000008shi1AAA","","00120000012CrsLAAS","SIP","IDFC Premier Equity Fund - Plan A"
"a0lw0000008shi2AAA","","00120000012CrsLAAS","SIP","Reliance Equity Opportunities Fund"
"a0lw0000008shi3AAA","","00120000012CrsLAAS","SIP","Birla Sun Life Dynamic Bond Fund"
"a0lw0000008shi4AAA","","00120000012CrsLAAS","SIP","ICICI Prudential Regular Gold Savings Fund"
"a0lw0000008shi5AAA","","00120000012CrsLAAS","SIP","Axis Equity Fund"
"a0lw0000008shi6AAA","","00120000012CrsLAAS","SIP","HDFC Top 200 Fund"
"a0lw0000008shi7AAA","","00120000012CrsLAAS","SIP","ICICI Dynamic Plan"
"a0lw0000008shi8AAA","","00120000012CrsLAAS","SIP","IDFC Premier Equity Fund - Plan A"
"a0lw0000008shi9AAA","","00120000012CrsLAAS","SIP","Reliance Equity Opportunities Fund"
"a0lw0000008shiAAAQ","","00120000012CrsLAAS","SIP","Birla Sun Life Dynamic Bond Fund"
"a0lw0000008shiBAAQ","","00120000012CrsLAAS","SIP","ICICI Prudential Short Term"
"a0lw0000008shiCAAQ","","00120000012CrsLAAS","SIP","ICICI Prudential Regular Gold Savings Fund"
"a0lw0000008shiDAAQ","","00120000012CrsLAAS","SIP","Axis Equity Fund"
"a0lw0000008shiEAAQ","","00120000012CrsLAAS","SIP","HDFC Top 200 Fund"
"a0lw0000008shiFAAQ","","00120000012CrsLAAS","SIP","ICICI Dynamic Plan"
"a0lw0000008shiGAAQ","","00120000012CrsLAAS","SIP","IDFC Premier Equity Fund - Plan A"
"a0lw0000008shiHAAQ","","00120000012CrsLAAS","SIP","Reliance Equity Opportunities Fund"
"a0lw0000008shiIAAQ","","00120000012CrsLAAS","SIP","Birla Sun Life Dynamic Bond Fund"
"a0lw0000008shiJAAQ","","00120000012CrsLAAS","SIP","ICICI Prudential Regular Gold Savings Fund"
"a0lw0000008shiKAAQ","","00120000012CrsLAAS","SIP","ICICI Prudential Short Term"
"a0lw0000008shiLAAQ","","00120000012CrsLAAS","SIP","IDFC Premier Equity Fund - Plan A"
"a0lw0000008shiMAAQ","","00120000012CrsLAAS","SIP","HDFC Top 200 Fund"
"a0lw0000008shiNAAQ","","00120000012CrsLAAS","SIP","Axis Equity Fund"
"a0lw0000008shiOAAQ","","00120000012CrsLAAS","SIP","Birla Sun Life Short Term"
"a0lw0000008shiPAAQ","","00120000012CrsLAAS","SIP","ICICI Prudential Short Term"
"a0lw0000008shiQAAQ","","00120000012CrsLAAS","SIP","Axis Equity Fund"
"a0lw0000008shiRAAQ","","00120000012CrsLAAS","SIP","Birla Sun Life Short Term"
"a0lw0000008shiSAAQ","","00120000012CrsLAAS","SIP","ICICI Prudential Short Term"
"a0lw0000008shiTAAQ","","00120000012DXLOAA4","Lumpsum","TATA Young Citzens fund"
"a0lw0000008shiUAAQ","","00120000012DXLxAAO","Lumpsum","UTI Mastershare unti scheme"
"a0lw0000008shhTAAQ","","00120000012CrsLAAS","General Insurance","Bajaj Allianz Extra Care"
"a0lw0000008shhUAAQ","","00120000012CrsLAAS","General Insurance","Bajaj Allianz Individual Health Guard"
"a0lw0000008shhVAAQ","","00120000012CrsLAAS","General Insurance","Bajaj Allianz Individual Health Guard"
"a0lw0000008shhWAAQ","","00120000012CrsLAAS","General Insurance","Bajaj Allianz Individual Health Guard"
"a0lw0000008shhXAAQ","","00120000012CrsLAAS","General Insurance","Bajaj Allianz Individual Health Guard"
"a0lw0000008shhYAAQ","","00120000012CrsLAAS","General Insurance","Bajaj Allianz Extra Care"
"a0lw0000008shhZAAQ","","00120000012CrsLAAS","General Insurance","Bajaj Allianz Individual Health Guard"
"a0lw0000008shhaAAA","","00120000012CrsLAAS","General Insurance","Bajaj Allianz Individual Health Guard"
"a0lw0000008shhbAAA","","00120000012CrsLAAS","General Insurance","Bajaj Allianz Premier Personal Guard"
"a0lw0000008shhcAAA","","00120000012CrsLAAS","General Insurance","Bajaj Allianz Critical Care Policy"
"a0lw0000008shhdAAA","","00120000012CrsLAAS","General Insurance","Bajaj Allianz Critical Care Policy"
"a0lw0000008shheAAA","","00120000012CrsLAAS","Life Insurance","HDFC Life Click 2 Protect"
"a0lw0000008shhfAAA","","00120000012CrsLAAS","Lumpsum","Birla Sun Life Savings Fund"
"a0lw0000008shhgAAA","","00120000012CrsLAAS","Lumpsum","Axis Treasury Advantage Fund"
"a0lw0000008shhhAAA","","00120000012CrsLAAS","Lumpsum","Savings Account"
"a0lw0000008shhiAAA","","00120000012CrsLAAS","Lumpsum","ICICI Prudential Short Term"
"a0lw0000008shhjAAA","","00120000012CrsLAAS","Lumpsum","Birla Sun Life Short Term"
"a0l200000061BRlAAM","","0012000000qAhk3AAC","Life Insurance","HDFC Life Click 2 Protect"
"a0l200000061BRmAAM","","0012000000qAhk3AAC","Lumpsum","ICICI Pru Focussed Blue Chip Fund"
"a0l200000061BRnAAM","","0012000000qAhk3AAC","SIP","ICICI Pru Focussed Blue Chip Fund"
"a0l200000061BRoAAM","","0012000000qAhk3AAC","Lumpsum","ICICI Pru Flexi Income"
"a0l200000061BRpAAM","","0012000000qAhk3AAC","Lumpsum","HDFC Tax Saver (D)"
"a0l200000061BRqAAM","","0012000000qAhk3AAC","Lumpsum","BSL Dynamic Bond Fund"
"a0l200000061BRrAAM","","0012000000qAhk3AAC","Lumpsum","BSL Dynamic Bond Fund"
"a0l200000061BRsAAM","","0012000000qAhk3AAC","SIP","BSL Dynamic Bond Fund"
"a0l200000061BS4AAM","","0012000000qAhk3AAC","Lumpsum","IDFC Money Manager"
"a0l200000061BS5AAM","","0012000000qAhk3AAC","Lumpsum","BSL Savings"
"a0l200000061BS6AAM","","0012000000qAhk3AAC","Lumpsum","BSL Savings"
"a0l200000061BS7AAM","","0012000000qAhk3AAC","Lumpsum","IDFC Money Manager"
"a0l200000061BS8AAM","","0012000000qAhk3AAC","Lumpsum","BSL Dynamic Bond Fund"
"a0l200000061BS9AAM","","0012000000qAhk3AAC","Lumpsum","Reliance Money Manager"
"a0l200000061BSAAA2","","0012000000qAhk3AAC","Lumpsum","ICICI Pru Flexi Income Plan"
"a0l200000061BSBAA2","","0012000000qAhk3AAC","Lumpsum","IDFC Money Manager"
"a0l200000061BSCAA2","","0012000000qAhk3AAC","Lumpsum","DSP Money Manager"
"a0l200000061BSDAA2","","0012000000qAhk3AAC","Lumpsum","ICICI Focussed Blue Chip Fund"
"a0l200000061BSEAA2","","0012000000qAhk3AAC","Lumpsum","DSP Equity"
"a0l200000061BSFAA2","","0012000000qAhk3AAC","Lumpsum","IDFC Premier Equity"
"a0l200000061BSGAA2","","0012000000qAhk3AAC","Lumpsum","Reliance Gold Savings Fund"
"a0l200000061BSHAA2","","0012000000qAhk3AAC","Lumpsum","BSL Dynamic Bond Fund"
"a0l200000061BSIAA2","","0012000000qAhk3AAC","Lumpsum","HDFC Tax Saver (D)"
"a0l200000061BSJAA2","","0012000000qAhk3AAC","Lumpsum","HDFC Tax Saver (G)"
"a0l200000061BSKAA2","","0012000000qAhk3AAC","Lumpsum","DSP Equity"
"a0l200000061BSLAA2","","0012000000qAhk3AAC","Lumpsum","ICICI Focussed Blue Chip Fund"
"a0l200000061BSMAA2","","0012000000qAhk3AAC","Lumpsum","IDFC Premier Equity"
"a0l200000061BSNAA2","","0012000000qAhk3AAC","Lumpsum","Reliance Gold Savings Fund"
"a0l200000061BSOAA2","","0012000000qAhk3AAC","Lumpsum","BSL Dynamic Bond Fund"
"a0l200000061BSPAA2","","0012000000qAhk3AAC","SIP","ICICI Focussed Blue Chip Fund"
"a0l200000061BSQAA2","","0012000000qAhk3AAC","SIP","DSP Equity"
"a0l200000061BSRAA2","","0012000000qAhk3AAC","SIP","IDFC Premier Equity"
"a0l200000061BRtAAM","","0012000000qAhk3AAC","Lumpsum","DSP Money Manager"
"a0l200000061BRuAAM","","0012000000qAhk3AAC","Lumpsum","IDFC Premier Equity"
"a0l200000061BRvAAM","","0012000000qAhk3AAC","SIP","IDFC Premier Equity"
"a0l200000061BRwAAM","","0012000000qAhk3AAC","Lumpsum","DSP Equity"
"a0l200000061BRxAAM","","0012000000qAhk3AAC","SIP","DSP Equity"
"a0l200000061BRyAAM","","0012000000qAhk3AAC","Lumpsum","Reliance Money Manager"
"a0l200000061BRzAAM","","0012000000qAhk3AAC","Lumpsum","Reliance Gold Savings Fund"
"a0l200000061BS0AAM","","0012000000qAhk3AAC","SIP","Reliance Gold Savings Fund"
"a0l200000061BS1AAM","","0012000000qAhk3AAC","Lumpsum","HDFC Tax Saver (G)"
"a0l200000061BS2AAM","","0012000000qAhk3AAC","Lumpsum","HDFC Tax Saver (D)"
"a0l200000061BS3AAM","","0012000000qAhk3AAC","Lumpsum","BSL Savings"
"a0l200000061BSTAA2","","0012000000qAhk3AAC","SIP","Reliance Gold Savings Fund"
"a0l200000061BSUAA2","","0012000000qAhk3AAC","SIP","BSL Dynamic Bond Fund"
"a0l200000061BSVAA2","","0012000000qAhk3AAC","SIP","IDFC Money Manager"
"a0l200000061BSWAA2","","0012000000qAhk3AAC","SIP","BSL Savings"
"a0l200000061BSSAA2","","0012000000qAhk3AAC","SIP","Pramerica Equity"
"a0l200000061BSXAA2","","0012000000qAhk3AAC","SIP","DSP Equity"
"a0l200000061BSYAA2","","0012000000qAhk3AAC","SIP","BSL Frontline Equity"
"a0l200000061BSZAA2","","0012000000qAhk3AAC","SIP","IDFC Premier Equity"
"a0l200000061BSaAAM","","0012000000qAhk3AAC","SIP","Pramerica Equity"
"a0l200000061BSbAAM","","0012000000qAhk3AAC","SIP","AXIS Triple Advantage"
"a0l200000061BScAAM","","0012000000qAhk3AAC","SIP","BSL Dynamic Bond Fund"
"a0l200000061BSdAAM","","0012000000qAhk3AAC","SIP","DSP Equity"
"a0l200000061BSfAAM","","0012000000qAhk3AAC","SIP","IDFC Premier Equity"
"a0l200000061BSgAAM","","0012000000qAhk3AAC","SIP","Pramerica Equity"
"a0l200000061BShAAM","","0012000000qAhk3AAC","SIP","AXIS Triple Advantage"
"a0l200000061BSiAAM","","0012000000qAhk3AAC","SIP","BSL Dynamic Bond Fund"
"a0l200000061BSjAAM","","0012000000qAhk3AAC","SIP","DSP Equity"
"a0l200000061BSkAAM","","0012000000qAhk3AAC","SIP","BSL Frontline Equity"
"a0l200000061BSlAAM","","0012000000qAhk3AAC","SIP","IDFC Premier Equity"
"a0l200000061BSmAAM","","0012000000qAhk3AAC","SIP","Pramerica Equity"
"a0l200000061BSnAAM","","0012000000qAhk3AAC","SIP","AXIS Triple Advantage"
"a0l200000061BSoAAM","","0012000000qAhk3AAC","SIP","BSL Dynamic Bond Fund"
"a0l200000061BSpAAM","","0012000000qAhk3AAC","SIP","BSL Frontline Equity"
"a0l200000061BSeAAM","","0012000000qAhk3AAC","SIP","BSL Frontline Equity"
"a0l200000061BSqAAM","","0012000000qAhk3AAC","SIP","DSP Equity"
"a0l200000061BSrAAM","","0012000000qAhk3AAC","SIP","IDFC Premier Equity"
"a0l200000061BSsAAM","","0012000000qAhk3AAC","SIP","Pramerica Equity"
"a0l200000061BStAAM","","0012000000qAhk3AAC","SIP","AXIS Triple Advantage"
"a0l200000061BSuAAM","","0012000000qAhk3AAC","SIP","BSL Dynamic Bond Fund"
"a0l200000061BSvAAM","","0012000000qOuGrAAK","Lumpsum","BSL Savings"
"a0l200000061BSwAAM","","0012000000qOuGrAAK","Lumpsum","BSL Savings"
"a0l200000061BSxAAM","","0012000000qOuGrAAK","SIP","BSL Savings"
"a0l200000061BSyAAM","","0012000000qOuGrAAK","Lumpsum","IDFC Money Manager"
"a0l200000061BSzAAM","","0012000000qOuGrAAK","SIP","IDFC Money Manager"
"a0l200000061BRgAAM","","0012000000qAhk3AAC","General Insurance","Max Bupa"
"a0l200000061BRhAAM","","0012000000qAhk3AAC","General Insurance","Bajaj Allianz Premium Personal Guard"
"a0l200000061BRiAAM","","0012000000qAhk3AAC","General Insurance","Bajaj Allianz Critical Illness"
"a0l200000061BRjAAM","","0012000000qAhk3AAC","General Insurance","Bajaj Allianz Premium Personal Guard"
"a0l200000061BRkAAM","","0012000000qAhk3AAC","General Insurance","Bajaj Allianz Extra Care"
"a0l200000061DsgAAE","","00120000010OKlmAAG","SIP","BSL Dynamic"
"a0l200000061DshAAE","","00120000010OKlmAAG","SIP","Pramerica Short Term Income"
"a0l200000061DsiAAE","","00120000010OKlmAAG","SIP","Pramerica Short Term"
"a0l200000061DsjAAE","","00120000010OKlmAAG","SIP","BSL Dynamic"
"a0l200000061DsqAAE","","00120000010OKpAAAW","Lumpsum","Reliance Diversified Power Sector Fund- D"
"a0l200000061DsKAAU","","00120000010OKlmAAG","Lumpsum","HDFC Top 100 G"
"a0l200000061DsMAAU","","00120000010OKlmAAG","Lumpsum","IDFC MM Treasury A"
"a0l200000061DsNAAU","","00120000010OKlmAAG","Lumpsum","BSL Savings"
"a0l200000061DsOAAU","","00120000010OKlmAAG","Lumpsum","Savings account"
"a0l200000061DsQAAU","","00120000010OKlmAAG","Lumpsum","IDFC Sterling Equity"
"a0l200000061DsRAAU","","00120000010OKlmAAG","Lumpsum","DSP Money Manager"
"a0l200000061DsTAAU","","00120000010OKlmAAG","Lumpsum","BSL Savings"
"a0l200000061DsUAAU","","00120000010OKlmAAG","Lumpsum","Axis Treasury Advantage"
"a0l200000061DsVAAU","","00120000010OKlmAAG","Lumpsum","Pramerica Short Term Income"
"a0l200000061DsWAAU","","00120000010OKlmAAG","Lumpsum","Pramerica Short Term"
"a0l200000061DsXAAU","","00120000010OKlmAAG","Lumpsum","BSL Dynamic"
"a0l200000061DsYAAU","","00120000010OKlmAAG","SIP","IDFC MM Treasury A"
"a0l200000061DsZAAU","","00120000010OKlmAAG","SIP","BSL Savings"
"a0l200000061DsaAAE","","00120000010OKlmAAG","SIP","Pramerica Short Term Income"
"a0l200000061DsbAAE","","00120000010OKlmAAG","SIP","BSL Dynamic"
"a0l200000061DscAAE","","00120000010OKlmAAG","SIP","DSP Equity"
"a0l200000061DsdAAE","","00120000010OKlmAAG","SIP","Pramerica Equity"
"a0l200000061DseAAE","","00120000010OKlmAAG","SIP","BSL Frontline Equity"
"a0l200000061DsfAAE","","00120000010OKlmAAG","SIP","Axis Triple Advantage"
"a0lw0000008shjNAAQ","","001w00000138gYAAAY","Life Insurance","HDFC Life Click 2 Protect"
"a0lw0000008shjOAAQ","","001w00000138gYAAAY","Lumpsum","Birla Sun Life Savings Fund"
"a0lw0000008shjPAAQ","","001w00000138gYAAAY","Lumpsum","Axis Treasury Advantage Fund"
"a0lw0000008shjQAAQ","","001w00000138gYAAAY","Lumpsum","Savings Account"
"a0lw0000008shjRAAQ","","001w00000138gYAAAY","SIP","ICICI Prudential Regular Gold Savings Fund"
"a0lw0000008shjSAAQ","","001w00000138gYAAAY","SIP","Birla Sun Life Dynamic Bond Fund"
"a0lw0000008shjTAAQ","","001w00000138gYAAAY","SIP","HDFC Top 200 Fund"
"a0lw0000008shjUAAQ","","001w00000138gYAAAY","SIP","Axis Equity Fund"
"a0lw0000008shjVAAQ","","001w00000138gYAAAY","SIP","Birla Sun Life Short Term"
"a0lw0000008shjWAAQ","","001w00000138gYAAAY","SIP","ICICI Prudential Short Term"
"a0lw0000008shjXAAQ","","001w00000138gYAAAY","SIP","ICICI Dynamic Plan"
"a0lw0000008shjEAAQ","","001w00000138gYAAAY","General Insurance","Bajaj Allianz Critical Care Policy"
"a0lw0000008shjFAAQ","","001w00000138gYAAAY","General Insurance","Bajaj Allianz Premier Personal Guard"
"a0lw0000008shjGAAQ","","001w00000138gYAAAY","General Insurance","Bajaj Allianz Premier Personal Guard"
"a0lw0000008shjHAAQ","","001w00000138gYAAAY","General Insurance","Bajaj Allianz Extra Care"
"a0lw0000008shjIAAQ","","001w00000138gYAAAY","General Insurance","Bajaj Allianz Individual Health Guard"
"a0lw0000008shjJAAQ","","001w00000138gYAAAY","General Insurance","Bajaj Allianz Individual Health Guard"
"a0lw0000008shjKAAQ","","001w00000138gYAAAY","General Insurance","Bajaj Allianz Critical Care Policy"
"a0lw0000008shjLAAQ","","001w00000138gYAAAY","General Insurance","Bajaj Allianz Individual Health Guard"
"a0lw0000008shjMAAQ","","001w00000138gYAAAY","Life Insurance","HDFC Life Click 2 Protect"
"a0lw0000008shjYAAQ","","001w00000138gYAAAY","SIP","Axis Equity Fund"
"a0lw0000008sen2AAA","","00120000012CbhUAAS","SIP","Axis Triple Advantage"
"a0lw0000008sen3AAA","","00120000012CbhUAAS","SIP","Pramerica Short Term Income"
"a0lw0000008sen4AAA","","00120000012CbhUAAS","SIP","Pramerica Short Term Income"
"a0lw0000008sen5AAA","","00120000012CbhUAAS","SIP","Axis Triple Advantage"
"a0lw0000008sen6AAA","","00120000012CbhUAAS","SIP","Pramerica Short Term Income"
"a0lw0000008sen7AAA","","00120000012CbhUAAS","SIP","Axis Triple Advantage"
"a0lw0000008sen8AAA","","00120000012CbhUAAS","SIP","BSL Frontline Equity"
"a0lw0000008sen9AAA","","00120000012CbhUAAS","SIP","Reliance equity opportunities fund"
"a0lw0000008senAAAQ","","00120000012CbhUAAS","SIP","Pramerica Equity"
"a0lw0000008senBAAQ","","00120000012CbhUAAS","SIP","Pramerica Short Term Income"
"a0lw0000008senCAAQ","","00120000012CbhUAAS","SIP","Axis Triple Advantage"
"a0lw0000008senDAAQ","","00120000012CbhUAAS","SIP","BSL Frontline Equity"
"a0lw0000008senEAAQ","","00120000012CbhUAAS","SIP","Pramerica Equity"
"a0lw0000008senFAAQ","","00120000012CbhUAAS","SIP","Reliance equity opportunities fund"
"a0lw0000008senGAAQ","","00120000012CbhUAAS","SIP","BSL Dividend Yield Plus"
"a0lw0000008selbAAA","","00120000012CbhUAAS","General Insurance","Bajaj Allianz Health Guard"
"a0lw0000008selcAAA","","00120000012CbhUAAS","General Insurance","Bajaj Allianz Health Guard"
"a0lw0000008seldAAA","","00120000012CbhUAAS","General Insurance","Bajaj Allianz Premium Personal Guard"
"a0lw0000008seleAAA","","00120000012CbhUAAS","General Insurance","Bajaj Allianz Health Guard"
"a0lw0000008selfAAA","","00120000012CbhUAAS","General Insurance","Bajaj Allianz Critical Illness"
"a0lw0000008selgAAA","","00120000012CbhUAAS","General Insurance","Bajaj Allianz Health Guard"
"a0lw0000008selhAAA","","00120000012CbhUAAS","General Insurance","Bajaj Allianz Extra Care"
"a0lw0000008seliAAA","","00120000012CbhUAAS","Life Insurance","HDFC Life Click 2 Protect."
"a0lw0000008seljAAA","","00120000012CbhUAAS","Lumpsum","ICICI Prudential Infra Fund- G"
"a0lw0000008selkAAA","","00120000012CbhUAAS","Lumpsum","Reliance Vision Fund- G"
"a0lw0000008sellAAA","","00120000012CbhUAAS","Lumpsum","HDFC Prudence Fund- G"
"a0lw0000008selmAAA","","00120000012CbhUAAS","SIP","HDFC Prudence Fund- G"
"a0lw0000008selnAAA","","00120000012CbhUAAS","Lumpsum","Reliance Growth Fund - G"
"a0lw0000008seloAAA","","00120000012CbhUAAS","Lumpsum","HDFC Equity Fund- G"
"a0lw0000008selpAAA","","00120000012CbhUAAS","SIP","HDFC Equity Fund- G"
"a0lw0000008selqAAA","","00120000012CbhUAAS","Lumpsum","SBI Contra Fund - G"
"a0lw0000008selrAAA","","00120000012CbhUAAS","SIP","SBI Contra Fund - G"
"a0lw0000008selsAAA","","00120000012CbhUAAS","Lumpsum","HDFC Top 200 Fund-G"
"a0lw0000008seltAAA","","00120000012CbhUAAS","SIP","HDFC Top 200 Fund-G"
"a0lw0000008seluAAA","","00120000012CbhUAAS","Lumpsum","IDFC Equity Fund Plan A- G"
"a0lw0000008selvAAA","","00120000012CbhUAAS","SIP","IDFC Equity Fund Plan A- G"
"a0lw0000008selwAAA","","00120000012CbhUAAS","Lumpsum","Reliance Top 200 - G"
"a0lw0000008selxAAA","","00120000012CbhUAAS","Lumpsum","Tata indo- Global Infra Fund - G"
"a0lw0000008selyAAA","","00120000012CbhUAAS","Lumpsum","ICICI Prudential Dynamic Plan - G"
