EXECUTED_PRODUCT_NAME__C,PRODUCT_NAME__C
Bajaj Allianz Premium Personal Guard,Bajaj Allianz Premier Personal Guard
Bajaj Allianz Critical Illness,Bajaj Allianz Critical Illness Cover
IDFC MM treasury A,IDFC Money Manager Fund - Treasury Plan A
HDFC Hi Short Term,HDFC High Interest Fund - Short Term Plan
BSL Dynamic,Birla Sun Life Dynamic Bond Fund
Pramerica Short Term Income,Pramerica Short Term Income Fund
BSL Dynamic,Birla Sun Life Dynamic Bond Fund
Reliance gold Savings,Reliance Gold Savings Fund
Pramerica Equity,Pramerica Equity Fund
DSP Equity,DSP BlackRock Equity Fund
Pramerica Short Term Income,Pramerica Short Term Income Fund
Axis Triple Advantage,Axis Triple Advanatage Fund
BSL Frontline Equity,Birla Sun Life Frontline Equity Fund
Pramerica Equity,Pramerica Equity Fund
DSP Equity,DSP BlackRock Equity Fund
BSL Dynamic,Birla Sun Life Dynamic Bond Fund
Reliance Gold Savings,Reliance Gold Savings Fund
BSL Frontline Equity,Birla Sun Life Frontline Equity Fund
DSP Equity,DSP BlackRock Equity Fund
Pramerica Equity,Pramerica Equity Fund
BSL Dynamic,Birla Sun Life Dynamic Bond Fund
Axis Triple Advantage,Axis Triple Advanatage Fund
BSL Frontline Equity,Birla Sun Life Frontline Equity Fund
Pramerica Equity,Pramerica Equity Fund
DSP Equity,DSP BlackRock Equity Fund
ICICI Focused Bluechip Equity,ICICI Blue Chip Fund Growth
IDFC Dynamic,ICICI Dynamic Plan
Gold ETF,HDFC Gold Fund
DSP Money Manager,DSP BlackRock Money Manager Fund
BSL Frontline Equity,Birla Sun Life Frontline Equity Fund
DSP Equity,DSP BlackRock Equity Fund
IDFC Dynamic Bond,IDFC Dynamic Bond Fund
Gold ETF,HDFC Gold Fund
BSL Frontline Equity,Birla Sun Life Frontline Equity Fund
IDFC Dynamic Bond,IDFC Dynamic Bond Fund
Gold ETF,HDFC Gold Fund
BSL Frontline Equity,Birla Sun Life Frontline Equity Fund
DSP Equity,DSP BlackRock Equity Fund
DSP Equity,DSP BlackRock Equity Fund
Gold ETF,HDFC Gold Fund
BSL Frontline Equity,Birla Sun Life Frontline Equity Fund
DSP Equity,DSP BlackRock Equity Fund
Gold ETF,HDFC Gold Fund
BSL Frontline Equity,Birla Sun Life Frontline Equity Fund
DSP Equity,DSP BlackRock Equity Fund
Gold ETF,HDFC Gold Fund
BSL Frontline Equity,Birla Sun Life Frontline Equity Fund
DSP Equity,DSP BlackRock Equity Fund
BSL Savings,Birla Sun Life Savings Fund
IDFC MM Treasury A,IDFC Money Manager Fund - Treasury Plan A
IDFC Dynamic Bond,IDFC Dynamic Bond Fund
Gold ETF,HDFC Gold Fund
BSL Frontline Equity,Birla Sun Life Frontline Equity Fund
DSP Equity,DSP BlackRock Equity Fund
IDFC MM Treasury A,IDFC Money Manager Fund - Treasury Plan A
Gold ETF,HDFC Gold Fund
BSL Savings,Birla Sun Life Savings Fund
IDFC MM Treasury A,IDFC Money Manager Fund - Treasury Plan A
Kotak Select Focus Fund ,Kotak Select Focus
Kotak Select Focus Fund ,Kotak Select Focus
ICICI Pru Focussed Blue Chip Fund,ICICI Blue Chip Fund Growth
ICICI Pru Focussed Blue Chip Fund,ICICI Blue Chip Fund Growth
ICICI Pru Flexi Income,ICICI Flexi Income Fund
HDFC Tax Saver (D),HDFC Tax Saver
BSL Dynamic Bond Fund,Birla Sun Life Dynamic Bond Fund
BSL Dynamic Bond Fund,Birla Sun Life Dynamic Bond Fund
IDFC Money Manager,IDFC Money Manager Fund - Treasury Plan A
DSP Money Manager,DSP BlackRock Money Manager Fund
IDFC Premier Equity,IDFC Premier Equity Fund - Plan A
DSP Equity,DSP BlackRock Equity Fund
DSP Equity,DSP BlackRock Equity Fund
Reliance Money Manager,Reliance Money Manager Fund - Retail Plan
Reliance Gold Savings Fund,Reliance Gold Savings Fund
Reliance Gold Savings Fund,Reliance Gold Savings Fund
HDFC Tax Saver (G),HDFC Tax Saver
HDFC Tax Saver (D),HDFC Tax Saver
BSL Savings,Birla Sun Life Savings Fund
AXIS Triple Advantage,Axis Triple Advanatage Fund
AXIS Triple Advantage,Axis Triple Advanatage Fund
AXIS Triple Advantage,Axis Triple Advanatage Fund
AXIS Triple Advantage,Axis Triple Advanatage Fund
BSL Savings,Birla Sun Life Savings Fund
BSL Savings,Birla Sun Life Savings Fund
BSL Savings,Birla Sun Life Savings Fund
IDFC Money Manager,IDFC Money Manager Fund - Treasury Plan A
IDFC Money Manager,IDFC Money Manager Fund - Treasury Plan A
Axis Triple Advantage,Axis Triple Advanatage Fund
Pramerica Short Term Income,Pramerica Short Term Income Fund
Pramerica Short Term Income,Pramerica Short Term Income Fund
Axis Triple Advantage,Axis Triple Advanatage Fund
Pramerica Short Term Income,Pramerica Short Term Income Fund
Axis Triple Advantage,Axis Triple Advanatage Fund
BSL Frontline Equity,Birla Sun Life Frontline Equity Fund
Reliance equity opportunities fund,Reliance Equity Opportunities Fund - Retail Plan (G)
Pramerica Equity,Pramerica Equity Fund
Pramerica Short Term Income,Pramerica Short Term Income Fund
Axis Triple Advantage,Axis Triple Advanatage Fund
BSL Frontline Equity,Birla Sun Life Frontline Equity Fund
Pramerica Equity,Pramerica Equity Fund
Reliance equity opportunities fund,Reliance Equity Opportunities Fund - Retail Plan (G)
BSL Dividend Yield Plus,Birla Sun Life Dividend Yield Plus
Bajaj Allianz Premium Personal Guard,Bajaj Allianz Premier Personal Guard
Bajaj Allianz Critical Illness,Bajaj Allianz Critical Illness Cover
HDFC Life Click 2 Protect.,HDFC Life Click 2 Protect
Pramerica Short Term Income,Pramerica Short Term Income Fund
BSL Dynamic,Birla Sun Life Dynamic Bond Fund
Axis Triple Advantage,Axis Triple Advanatage Fund
Pramerica Equity,Pramerica Equity Fund
Reliance equity opportunities fund,Reliance Equity Opportunities Fund - Retail Plan (G)
BSL Dividend Yield Plus,Birla Sun Life Dividend Yield Plus
Reliance equity opportunities fund,Reliance Equity Opportunities Fund - Retail Plan (G)
Pramerica Equity,Pramerica Equity Fund
BSL Frontline Equity,Birla Sun Life Frontline Equity Fund
Axis Triple Advantage,Axis Triple Advanatage Fund
Pramerica Short Term Income,Pramerica Short Term Income Fund
BSL Dividend Yield Plus,Birla Sun Life Dividend Yield Plus
Reliance equity opportunities fund,Reliance Equity Opportunities Fund - Retail Plan (G)
Pramerica Equity,Pramerica Equity Fund
BSL Frontline Equity,Birla Sun Life Frontline Equity Fund
Axis Triple Advantage,Axis Triple Advanatage Fund
Pramerica Short Term Income,Pramerica Short Term Income Fund
IDFC MM Treasury A,IDFC Money Manager Fund - Treasury Plan A
Pramerica Short Term Income,Pramerica Short Term Income Fund
BSL Dividend Yield Plus,Birla Sun Life Dividend Yield Plus
Reliance equity opportunities fund,Reliance Equity Opportunities Fund - Retail Plan (G)
Pramerica Equity,Pramerica Equity Fund
BSL Frontline Equity,Birla Sun Life Frontline Equity Fund
Axis Triple Advantage,Axis Triple Advanatage Fund
Pramerica Short Term Income,Pramerica Short Term Income Fund
Reliance equity opportunities fund,Reliance Equity Opportunities Fund - Retail Plan (G)
BSL Frontline Equity,Birla Sun Life Frontline Equity Fund
Axis Triple Advantage,Axis Triple Advanatage Fund
Pramerica Short Term Income,Pramerica Short Term Income Fund
Pramerica Equity,Pramerica Equity Fund
Reliance equity opportunities fund,Reliance Equity Opportunities Fund - Retail Plan (G)
BSL Frontline Equity,Birla Sun Life Frontline Equity Fund
Axis Triple Advantage,Axis Triple Advanatage Fund
Reliance equity opportunities fund,Reliance Equity Opportunities Fund - Retail Plan (G)
BSL Frontline Equity,Birla Sun Life Frontline Equity Fund
Axis Triple Advantage,Axis Triple Advanatage Fund
Pramerica Short Term Income,Pramerica Short Term Income Fund
Reliance equity opportunities fund,Reliance Equity Opportunities Fund - Retail Plan (G)
BSL Frontline Equity,Birla Sun Life Frontline Equity Fund
Axis Triple Advantage,Axis Triple Advanatage Fund
Pramerica Short Term Income,Pramerica Short Term Income Fund
Reliance equity opportunities fund,Reliance Equity Opportunities Fund - Retail Plan (G)
BSL Frontline Equity,Birla Sun Life Frontline Equity Fund
Axis Triple Advantage,Axis Triple Advanatage Fund
Pramerica Short Term Income,Pramerica Short Term Income Fund
BSL Dividend Yield Plus,Birla Sun Life Dividend Yield Plus
Reliance equity opportunities fund,Reliance Equity Opportunities Fund - Retail Plan (G)
Pramerica Equity,Pramerica Equity Fund
BSL Frontline Equity,Birla Sun Life Frontline Equity Fund
Axis Triple Advantage,Axis Triple Advanatage Fund
Pramerica Short Term Income,Pramerica Short Term Income Fund
Reliance equity opportunities fund,Reliance Equity Opportunities Fund - Retail Plan (G)
BSL Frontline Equity,Birla Sun Life Frontline Equity Fund
HDFC - Top 200 Fund - (G) [Folio:6036453/56],HDFC Top 200 Fund
HDFC - Top 200 Fund - (G) [Folio:6036453/56],HDFC Top 200 Fund
HDFC - Top 200 Fund - (G) [Folio:6077190/65],HDFC Top 200 Fund
HDFC - Top 200 Fund - (G) [Folio:7640557/11],HDFC Top 200 Fund
HDFC - Top 200 Fund - (G) [Folio:3116216/18],HDFC Top 200 Fund
Axis Triple Advantage,Axis Triple Advanatage Fund
AXIS Treasury Advantage,Axis Treasury Advantage Fund
HDFC Cash Management Treasury,HDFC Cash Management Treasury Advantage Fund
DSP BR Equity,DSP BlackRock Equity Fund
ICICI Pru Focussed Blue Chip Fund,ICICI Blue Chip Fund Growth
BSL Savings,Birla Sun Life Savings Fund
ICICI Pru Discovery,ICICI Discovery
Birla SL Dynamic Bond Fund,Birla Sun Life Dynamic Bond Fund
Birla SL Dynamic Bond Fund,Birla Sun Life Dynamic Bond Fund
Birla SL Dynamic Bond Fund,Birla Sun Life Dynamic Bond Fund
DSP Money Manager,DSP BlackRock Money Manager Fund
Birla SL Savings,Birla Sun Life Savings Fund
Pramerica Ultra Short Term,Pramerica Ultra Short Term Bond Fund
Birla SL Savings,Birla Sun Life Savings Fund
DSP Money Manager,DSP BlackRock Money Manager Fund
Reliance Money Manager,Reliance Money Manager Fund - Retail Plan
Birla SL Dynamic Bond Fund,Birla Sun Life Dynamic Bond Fund
ICICI Pru Flexi Income,ICICI Flexi Income Fund
Birla SL Dynamic Bond Fund,Birla Sun Life Dynamic Bond Fund
Birla SL Dynamic Bond Fund,Birla Sun Life Dynamic Bond Fund
AXIS Treasury Advantage,Axis Treasury Advantage Fund
Birla SL Dynamic Bond Fund,Birla Sun Life Dynamic Bond Fund
DSP BR Top 100,DSP BlackRock Top 100 Equity Fund
BSL Savings,Birla Sun Life Savings Fund
DSP Money Manager,DSP BlackRock Money Manager Fund
BSL Savings,Birla Sun Life Savings Fund
BSL Savings,Birla Sun Life Savings Fund
Birla SL Frontline Equity,Birla Sun Life Frontline Equity Fund
DSP Equity,DSP BlackRock Equity Fund
DSP Money Manager,DSP BlackRock Money Manager Fund
Birla SL Dynamic Bond Fund,Birla Sun Life Dynamic Bond Fund
BSL Frontline Equity,Birla Sun Life Frontline Equity Fund
AXIS Triple Advantage,Axis Triple Advanatage Fund
ICICI Pru Regular Savings Fund,ICICI Prudential Regular Savings
Birla SL Dynamic Bond Fund,Birla Sun Life Dynamic Bond Fund
BSL Savings Fund,Birla Sun Life Savings Fund
ICICI Pru Regular Savings Fund,ICICI Prudential Regular Savings
Birla SL Dynamic Bond Fund,Birla Sun Life Dynamic Bond Fund
Reliance Money Manager,Reliance Money Manager Fund - Retail Plan
Birla SL Savings,Birla Sun Life Savings Fund
Birla SL Dynamic Bond Fund,Birla Sun Life Dynamic Bond Fund
ICICI Pru Discovery,ICICI Discovery
ICICI Pru Focussed Blue Chip,ICICI Blue Chip Fund Growth
Birla SL Dynamic Bond Fund,Birla Sun Life Dynamic Bond Fund
Birla SL Dynamic Bond Fund,Birla Sun Life Dynamic Bond Fund
Birla SL Dynamic Bond Fund,Birla Sun Life Dynamic Bond Fund
Birla SL Div Yield,Birla Sun Life Dividend Yield Plus
DSP Top 100,DSP BlackRock Top 100 Equity Fund
Reliance Gold,Reliance Gold Savings Fund
AXIS Triple Advantage,Axis Triple Advanatage Fund
AXIS Triple Advantage,Axis Triple Advanatage Fund
AXIS Triple Advantage,Axis Triple Advanatage Fund
AXIS Triple Advantage,Axis Triple Advanatage Fund
AXIS Triple Advantage,Axis Triple Advanatage Fund
Saving's A/C,Savings Account
HDFC Click 2 Protect - 1.5 cr,HDFC Life Click 2 Protect
HDFC Top 200 Growth,HDFC Top 200 Fund
Axis Triple Advantage,Axis Triple Advanatage Fund
BSL Dynamic Bond,Birla Sun Life Dynamic Bond Fund
UTI Opportunities Fund,UTI Opportunities
Sundram Select mid cap Growth Fund,Sundaram Select Mid Cap
BSL Dividend Yield Plus,Birla Sun Life Dividend Yield Plus
DSP Equity,DSP BlackRock Equity Fund
Pramerica Equity,Pramerica Equity Fund
Axis Triple Advantage,Axis Triple Advanatage Fund
BSL Dynamic Bond,Birla Sun Life Dynamic Bond Fund
DSP Equity,DSP BlackRock Equity Fund
Pramerica Equity,Pramerica Equity Fund
Axis Triple Advantage,Axis Triple Advanatage Fund
BSL Dynamic Bond,Birla Sun Life Dynamic Bond Fund
BSL Dividend Yield Plus,Birla Sun Life Dividend Yield Plus
BSL Dividend Yield Plus,Birla Sun Life Dividend Yield Plus
DSP Equity,DSP BlackRock Equity Fund
Pramerica Equity,Pramerica Equity Fund
Axis Triple Advantage,Axis Triple Advanatage Fund
BSL Dynamic Bond,Birla Sun Life Dynamic Bond Fund
BSL Dividend Yield Plus,Birla Sun Life Dividend Yield Plus
DSP Equity,DSP BlackRock Equity Fund
Pramerica Equity,Pramerica Equity Fund
Axis Triple Advantage,Axis Triple Advanatage Fund
BSL Dynamic Bond,Birla Sun Life Dynamic Bond Fund
BSL Dividend Yield Plus,Birla Sun Life Dividend Yield Plus
DSP Equity,DSP BlackRock Equity Fund
Pramerica Equity,Pramerica Equity Fund
Axis Triple Advantage,Axis Triple Advanatage Fund
BSL Dynamic Bond,Birla Sun Life Dynamic Bond Fund
Saving Account,Savings Account
Pramerica Short Term Income,Pramerica Short Term Income Fund
L&T Equity Fund-G,L & T Equity
HDFC Equity Fund-G,HDFC Equity Fund
HDFC Top 200-G,HDFC Top 200 Fund
Savings Account,Savings Account
PPF,NA
PPF,NA
IDFC MM Treasury A,IDFC Money Manager Fund - Treasury Plan A
IDFC MM Treasury A,IDFC Money Manager Fund - Treasury Plan A
BSL Savings,Birla Sun Life Savings Fund
HDFC Life Click 2 Protect,HDFC Life Click 2 Protect
IDFC Money Manager Treasury A,IDFC Money Manager Fund - Treasury Plan A
Reliance RSF - Equity,Reliance Regular Savings Fund
Reliance Gold Savings Fund,Reliance Gold Savings Fund
Dsp Equity,DSP BlackRock Equity Fund
Idfc Premier Equity,IDFC Premier Equity Fund - Plan A
Idfc Premier Equity,IDFC Premier Equity Fund - Plan A
Bajaj Allianz Critical Illness,Bajaj Allianz Critical Illness Cover
Bajaj Allianz Premium Personal Guard,Bajaj Allianz Premier Personal Guard
FMP,NA
Savings Account,Savings Account
Pramerica equity,Pramerica Equity Fund
IDFC Premier Equity,IDFC Premier Equity Fund - Plan A
HDFC Top 200,HDFC Top 200 Fund
AXIS Triple Advantage,Axis Triple Advanatage Fund
LIC Jeevan Tarang,NA
PPF,NA
BSL Frontline Equity,Birla Sun Life Frontline Equity Fund
BSL Dynamic,Birla Sun Life Dynamic Bond Fund
Pramerica Short Term Income,Pramerica Short Term Income Fund
Savings Bank Account,Savings Account
BSL savings,Birla Sun Life Savings Fund
IDFC Money Manager Treasury A,IDFC Money Manager Fund - Treasury Plan A
"HDFC Life Click 2 Protect.(Sum Assured of Rs.50,00,000)",HDFC Life Click 2 Protect
HDFC Life Click 2 Protect.,HDFC Life Click 2 Protect
Bajaj Allianz Critical Illness,Bajaj Allianz Critical Illness Cover
Bajaj Allianz Premium Personal Guard,Bajaj Allianz Premier Personal Guard
Bajaj Allianz Premium Personal Guard,Bajaj Allianz Premier Personal Guard
Bajaj Allianz Critical Illness,Bajaj Allianz Critical Illness Cover
BSL Savings Fund,Birla Sun Life Savings Fund
BSL Savings Fund,Birla Sun Life Savings Fund
BSL Savings Fund,Birla Sun Life Savings Fund
Saving's A/c,Savings Account
BSL Savings Fund,Birla Sun Life Savings Fund
Reliance Equity Opportunities Fund,Reliance Equity Opportunities Fund - Retail Plan (G)
BSL Frontline Equity Fund,Birla Sun Life Frontline Equity Fund
Reliance Equity Opportunities Fund,Reliance Equity Opportunities Fund - Retail Plan (G)
BSL Frontline Equity Fund,Birla Sun Life Frontline Equity Fund
BSL Savings Fund,Birla Sun Life Savings Fund
BSL Frontline Equity Fund,Birla Sun Life Frontline Equity Fund
Reliance Equity Opportunities Fund,Reliance Equity Opportunities Fund - Retail Plan (G)
BSL Frontline Equity Fund,Birla Sun Life Frontline Equity Fund
BSL Savings Fund,Birla Sun Life Savings Fund
BSL Dynamic Fund,Birla Sun Life Dynamic Bond Fund
BSL Frontline Equity,Birla Sun Life Frontline Equity Fund
BSL Dynamic Fund,Birla Sun Life Dynamic Bond Fund
Reliance Equity Opportunities Fund,Reliance Equity Opportunities Fund - Retail Plan (G)
BSL Frontline Equity Fund,Birla Sun Life Frontline Equity Fund
BSL Dynamic Fund,Birla Sun Life Dynamic Bond Fund
Reliance Equity Opportunities Fund,Reliance Equity Opportunities Fund - Retail Plan (G)
BSL Frontline Equity Fund,Birla Sun Life Frontline Equity Fund
BSL Dynamic Fund,Birla Sun Life Dynamic Bond Fund
Bsl Dynamic Fund,Birla Sun Life Dynamic Bond Fund
Dsp Equity Fund,DSP BlackRock Equity Fund
BSL Savings,Birla Sun Life Savings Fund
IDFC Money Manager Treasury A,IDFC Money Manager Fund - Treasury Plan A
BSL Savings,Birla Sun Life Savings Fund
BSL Frontline Equity,Birla Sun Life Frontline Equity Fund
BSL Dynamic,Birla Sun Life Dynamic Bond Fund
Axis Triple Advantage,Axis Triple Advanatage Fund
BSL Frontline Equity,Birla Sun Life Frontline Equity Fund
DSP Equity,DSP BlackRock Equity Fund
Pramerica Equity,Pramerica Equity Fund
Pramerica Short Term Income,Pramerica Short Term Income Fund
Axis Triple Advantage,Axis Triple Advanatage Fund
Pramerica Short Term Income,Pramerica Short Term Income Fund
Axis Triple Advantage,Axis Triple Advanatage Fund
BSL Frontline Equity,Birla Sun Life Frontline Equity Fund
Pramerica Equity,Pramerica Equity Fund
Pramerica Short Term Income,Pramerica Short Term Income Fund
Axis Triple Advantage,Axis Triple Advanatage Fund
BSL Frontline Equity,Birla Sun Life Frontline Equity Fund
Pramerica Equity,Pramerica Equity Fund
Pramerica Short Term Income,Pramerica Short Term Income Fund
Axis Triple Advantage,Axis Triple Advanatage Fund
BSL Frontline Equity,Birla Sun Life Frontline Equity Fund
Pramerica Equity,Pramerica Equity Fund
Reliance equity opportunities fund,Reliance Equity Opportunities Fund - Retail Plan (G)
Pramerica Short Term Income,Pramerica Short Term Income Fund
Axis Triple Advantage,Axis Triple Advanatage Fund
BSL Frontline Equity,Birla Sun Life Frontline Equity Fund
Pramerica Equity,Pramerica Equity Fund
Reliance equity opportunities fund,Reliance Equity Opportunities Fund - Retail Plan (G)
Pramerica Equity,Pramerica Equity Fund
Reliance equity opportunities fund,Reliance Equity Opportunities Fund - Retail Plan (G)
Reliance equity opportunities fund,Reliance Equity Opportunities Fund - Retail Plan (G)
Pramerica Short Term Income,Pramerica Short Term Income Fund
BSL Dynamic,Birla Sun Life Dynamic Bond Fund
Axis Triple Advantage,Axis Triple Advanatage Fund
BSL Frontline Equity,Birla Sun Life Frontline Equity Fund
Pramerica Equity,Pramerica Equity Fund
Reliance equity opportunities fund,Reliance Equity Opportunities Fund - Retail Plan (G)
Reliance equity opportunities fund,Reliance Equity Opportunities Fund - Retail Plan (G)
Reliance Money Manager Fund,Reliance Money Manager Fund - Retail Plan
Pramerica Ultra Short Term Bond,Pramerica Ultra Short Term Bond Fund
Reliance Money Manager Fund,Reliance Money Manager Fund - Retail Plan
Reliance Money Manager Fund,Reliance Money Manager Fund - Retail Plan
ICICI Prudential Discovery Fund,ICICI Discovery
BSL Short term,Birla Sun Life Short Term
BSL Frontline Equity Fund,Birla Sun Life Frontline Equity Fund
Hdfc Top 200 Fund,HDFC Top 200 Fund
Idfc Sterling Equity,IDFC Sterling Equity Fund
Bsl Dynamic Fund,Birla Sun Life Dynamic Bond Fund
Hdfc Top 200 Fund,HDFC Top 200 Fund
Dsp Equity,DSP BlackRock Equity Fund
Idfc Sterling Equity,IDFC Sterling Equity Fund
HDFC Life Click 2 Protect.,HDFC Life Click 2 Protect
savings Account,Savings Account
Pramerica Ultra Short Term Bond,Pramerica Ultra Short Term Bond Fund
BSL Savings,Birla Sun Life Savings Fund
Pramerica Equity,Pramerica Equity Fund
Reliance equity opportunities fund,Reliance Equity Opportunities Fund - Retail Plan (G)
BSL Frontline Equity,Birla Sun Life Frontline Equity Fund
Axis Triple Advantage,Axis Triple Advanatage Fund
BSL Dynamic,Birla Sun Life Dynamic Bond Fund
BSL Frontline Equity,Birla Sun Life Frontline Equity Fund
BSL Dynamic,Birla Sun Life Dynamic Bond Fund
Reliance equity opportunities fund,Reliance Equity Opportunities Fund - Retail Plan (G)
Pramerica Equity,Pramerica Equity Fund
BSL Frontline Equity,Birla Sun Life Frontline Equity Fund
Axis Triple Advantage,Axis Triple Advanatage Fund
BSL Dynamic,Birla Sun Life Dynamic Bond Fund
Pramerica Short Term Income,Pramerica Short Term Income Fund
Pramerica Equity,Pramerica Equity Fund
Reliance equity opportunities fund,Reliance Equity Opportunities Fund - Retail Plan (G)
BSL Frontline Equity,Birla Sun Life Frontline Equity Fund
Axis Triple Advantage,Axis Triple Advanatage Fund
BSL Dynamic,Birla Sun Life Dynamic Bond Fund
Pramerica Equity,Pramerica Equity Fund
Reliance equity opportunities fund,Reliance Equity Opportunities Fund - Retail Plan (G)
BSL Frontline Equity,Birla Sun Life Frontline Equity Fund
Axis Triple Advantage,Axis Triple Advanatage Fund
BSL Dynamic,Birla Sun Life Dynamic Bond Fund
Reliance equity opportunities fund,Reliance Equity Opportunities Fund - Retail Plan (G)
Pramerica Equity,Pramerica Equity Fund
BSL Frontline Equity,Birla Sun Life Frontline Equity Fund
Axis Triple Advantage,Axis Triple Advanatage Fund
Pramerica Short Term Income,Pramerica Short Term Income Fund
Reliance equity opportunities fund,Reliance Equity Opportunities Fund - Retail Plan (G)
Pramerica Equity,Pramerica Equity Fund
BSL Frontline Equity,Birla Sun Life Frontline Equity Fund
Axis Triple Advantage,Axis Triple Advanatage Fund
Pramerica Short Term Income,Pramerica Short Term Income Fund
Reliance equity opportunities fund,Reliance Equity Opportunities Fund - Retail Plan (G)
Pramerica Equity,Pramerica Equity Fund
BSL Frontline Equity,Birla Sun Life Frontline Equity Fund
Axis Triple Advantage,Axis Triple Advanatage Fund
Pramerica Short Term Income,Pramerica Short Term Income Fund
Pramerica Equity,Pramerica Equity Fund
Reliance equity opportunities fund,Reliance Equity Opportunities Fund - Retail Plan (G)
BSL Frontline Equity,Birla Sun Life Frontline Equity Fund
Axis Triple Advantage,Axis Triple Advanatage Fund
BSL Dynamic,Birla Sun Life Dynamic Bond Fund
Bajaj Allianz Premium Personal Guard,Bajaj Allianz Premier Personal Guard
Bajaj Allianz Critical Illness,Bajaj Allianz Critical Illness Cover
Bajaj Allianz Critical Illness,Bajaj Allianz Critical Illness Cover
Bajaj Allianz Premium Personal Guard,Bajaj Allianz Premier Personal Guard
Reliance Liquid Fund,Reliance Liquid Fund - Cash Plan
Templeton India Treasury Mgmt D,Templeton India Treasury Management Account - Regular Plan
HDFC Cash Mgmt Treasury Advtg D,HDFC Cash Management Treasury Advantage Fund
DSP MM G,DSP BlackRock Money Manager Fund
HDFC Liquid Fund DDR,HDFC Liquid Fund
Franklin India Prima,Franklin India Prima Fund
Franklin India Blue Chip Equity,Franklin India Bluechip Fund
IDFC MM Treasury A,IDFC Money Manager Fund - Treasury Plan A
BSL Savings,Birla Sun Life Savings Fund
HDFC Top 200 Dividend,HDFC Top 200 Fund
Franklin India Blue Chip,Franklin India Bluechip Fund
BLS Dynamic Bond Fund,Birla Sun Life Dynamic Bond Fund
BSL Frontline Equity,Birla Sun Life Frontline Equity Fund
HDFC Top 200 Dividend,HDFC Top 200 Fund
BSL Frontline Equity,Birla Sun Life Frontline Equity Fund
Franklin India Blue Chip Fund Dividend,Franklin India Bluechip Fund
HDFC Top 200 Dividend,HDFC Top 200 Fund
Axis Triple Advantage,Axis Triple Advanatage Fund
BSL Savings Div Yield,Birla Sun Life Dividend Yield Plus
HDFC TOP 200 FUND,HDFC Top 200 Fund
HDFC TOP 200 FUND,HDFC Top 200 Fund
BSL Dynamic Bond Fund,Birla Sun Life Dynamic Bond Fund
Reliance Gold Savings,Reliance Gold Savings Fund
Bajaj Allianz Critical Illness,Bajaj Allianz Critical Illness Cover
Bajaj Allianz Critical Illness,Bajaj Allianz Critical Illness Cover
IDFC Money Manager Treasury A,IDFC Money Manager Fund - Treasury Plan A
Bajaj Allianz Premium Personal Guard,Bajaj Allianz Premier Personal Guard
Bajaj Allianz Premium Personal Guard,Bajaj Allianz Premier Personal Guard
Bajaj Allianz Critical Illness,Bajaj Allianz Critical Illness Cover
Birla SL Savings,Birla Sun Life Savings Fund
Savings A/C,Savings Account
Birla SL Frontline Equity,Birla Sun Life Frontline Equity Fund
Birla SL Dynamic Bond Fund,Birla Sun Life Dynamic Bond Fund
Birla SL Frontline Equity,Birla Sun Life Frontline Equity Fund
HDFC Gold,HDFC Gold Fund
Birla SL Dynamic Bond Fund,Birla Sun Life Dynamic Bond Fund
Birla SL Frontline Equity,Birla Sun Life Frontline Equity Fund
Pramerica Equity,Pramerica Equity Fund
Pramerica Short Term Income,Pramerica Short Term Income Fund
Birla SL Frontline Equity,Birla Sun Life Frontline Equity Fund
Pramerica Equity,Pramerica Equity Fund
Pramerica Short Term Income,Pramerica Short Term Income Fund
Birla SL Frontline Equity,Birla Sun Life Frontline Equity Fund
Pramerica Equity,Pramerica Equity Fund
Axis Triple Advantage,Axis Triple Advanatage Fund
Pramerica Short Term Income,Pramerica Short Term Income Fund
Birla SL Savings,Birla Sun Life Savings Fund
Birla SL Savings,Birla Sun Life Savings Fund
Savings A/C,Savings Account
HDFC Click2Protect,HDFC Life Click 2 Protect
Bajaj Allianz Premium Personal Guard,Bajaj Allianz Premier Personal Guard
DSP Short Term,DSP BlackRock Short Term Fund
Axis Triple Advantage,Axis Triple Advanatage Fund
Birla SL Dynamic Bond Fund,Birla Sun Life Dynamic Bond Fund
Birla SL Frontline Equity,Birla Sun Life Frontline Equity Fund
DSP Equity,DSP BlackRock Equity Fund
IDFC Money Manager,IDFC Money Manager Fund - Treasury Plan A
Birla SL Div Yield,Birla Sun Life Dividend Yield Plus
DSP Equity,DSP BlackRock Equity Fund
Pramerica Equity,Pramerica Equity Fund
BSL Frontline Equity,Birla Sun Life Frontline Equity Fund
Axis Triple Advantage,Axis Triple Advanatage Fund
Pramerica Short Term Income,Pramerica Short Term Income Fund
DSP Equity,DSP BlackRock Equity Fund
Pramerica Equity,Pramerica Equity Fund
BSL Frontline Equity,Birla Sun Life Frontline Equity Fund
Axis Triple Advantage,Axis Triple Advanatage Fund
Pramerica Short Term Income,Pramerica Short Term Income Fund
DSP Equity,DSP BlackRock Equity Fund
BSL Frontline Equity,Birla Sun Life Frontline Equity Fund
Pramerica Equity,Pramerica Equity Fund
Axis Triple Advantage,Axis Triple Advanatage Fund
Pramerica Short Term Income,Pramerica Short Term Income Fund
Pramerica Short Term,Pramerica Short Term Income Fund
BSL Dynamic,Birla Sun Life Dynamic Bond Fund
BSL Savings,Birla Sun Life Savings Fund
Pramerica Short Term Income,Pramerica Short Term Income Fund
Pramerica Short Term,Pramerica Short Term Income Fund
BSL Dynamic,Birla Sun Life Dynamic Bond Fund
IDFC MM Treasury A,IDFC Money Manager Fund - Treasury Plan A
BSL Savings,Birla Sun Life Savings Fund
Pramerica Short Term Income,Pramerica Short Term Income Fund
BSL Dynamic,Birla Sun Life Dynamic Bond Fund
HDFC Top 200,HDFC Top 200 Fund
HDFC Equity,HDFC Equity Fund
Birla SL Savings,Birla Sun Life Savings Fund
Birla SL Dynamic Bond Fund,Birla Sun Life Dynamic Bond Fund
Axis Triple Advantage,Axis Triple Advanatage Fund
Reliance Equity Opportunities,Reliance Equity Opportunities Fund - Retail Plan (G)
Birla SL Frontline Equity,Birla Sun Life Frontline Equity Fund
HDFC Click2Protect (10000000),HDFC Life Click 2 Protect
Bajaj Allianz Premium Personal guard,Bajaj Allianz Premier Personal Guard
Saving Bank Account,Savings Account
BSL Dynamic Bond Fund,Birla Sun Life Dynamic Bond Fund
BSL Dynamic Bond Fund,Birla Sun Life Dynamic Bond Fund
DSP BR Top 100 Fund,DSP BlackRock Top 100 Equity Fund
BSL Frontline Equity Fund,Birla Sun Life Frontline Equity Fund
DSP BR Equity Fund,DSP BlackRock Equity Fund
BSL Dividend Yield Plus Fund,Birla Sun Life Dividend Yield Plus
BSL Dynamic Bond Fund,Birla Sun Life Dynamic Bond Fund
Prameirca Short Term Income Fund,Pramerica Short Term Income Fund
BSL Frontline Equity Fund,Birla Sun Life Frontline Equity Fund
DSP BR Equity Fund,DSP BlackRock Equity Fund
BSL Dynamic Bond Fund,Birla Sun Life Dynamic Bond Fund
BSL Frontline Equity Fund,Birla Sun Life Frontline Equity Fund
DSP BR Top 100 Fund,DSP BlackRock Top 100 Equity Fund
DSP BR Equity Fund,DSP BlackRock Equity Fund
Bajaj Allianz Critical Care Cover,Bajaj Allianz Critical Care Policy
Bajaj Allianz Extra Care Cover,Bajaj Allianz Extra Care
Bajaj Allianz Critical Care Cover,Bajaj Allianz Critical Care Policy
Bajaj Allianz Premium Personal Guard,Bajaj Allianz Premier Personal Guard
HDFC Top 200 Fund G,HDFC Top 200 Fund
BSL Dynamic Bond Fund,Birla Sun Life Dynamic Bond Fund
Axis Triple Advantage Funds,Axis Triple Advanatage Fund
BSL Frontline Equity Fund,Birla Sun Life Frontline Equity Fund
DSP BR Equity Fund,DSP BlackRock Equity Fund
Pramerica Short Term Income,Pramerica Short Term Income Fund
BSL Dynamic Bond Fund,Birla Sun Life Dynamic Bond Fund
BSL Frontline Equity Fund,Birla Sun Life Frontline Equity Fund
DSP BR Equity Fund,DSP BlackRock Equity Fund
IDFC Premier Equity Fund,IDFC Premier Equity Fund - Plan A
BSL Dynamic Bond Fund,Birla Sun Life Dynamic Bond Fund
BSL Frontline Equity Fund,Birla Sun Life Frontline Equity Fund
DSP BR Equity Fund,DSP BlackRock Equity Fund
IDFC Premier Equity Fund,IDFC Premier Equity Fund - Plan A
BSL Dynamic Bond Fund,Birla Sun Life Dynamic Bond Fund
DSP BR Equity Fund,DSP BlackRock Equity Fund
HDFC Cash Management Treasury Advt,HDFC Cash Management Treasury Advantage Fund
HDFC Cash Management Treasury Advt,HDFC Cash Management Treasury Advantage Fund
Pramerica Short Term Income,Pramerica Short Term Income Fund
Axis Triple Advantage,Axis Triple Advanatage Fund
Pramerica Equity,Pramerica Equity Fund
DSP Equity,DSP BlackRock Equity Fund
Birla SL Savings Fund,BSL Savings Fund
BSL Frontline Equity,Birla Sun Life Frontline Equity Fund
Pramerica Equity,Pramerica Equity Fund
DSP Equity,DSP BlackRock Equity Fund
Axis Triple Advantage,Axis Triple Advanatage Fund
Pramerica Short Term Income,Pramerica Short Term Income Fund
BSL Frontline Equity,Birla Sun Life Frontline Equity Fund
Pramerica Equity,Pramerica Equity Fund
DSP Equity,DSP BlackRock Equity Fund
Axis Triple Advantage,Axis Triple Advanatage Fund
Pramerica Short Term Income,Pramerica Short Term Income Fund
Birla SL Dynamic Bond Fund,Birla Sun Life Dynamic Bond Fund
Birla SL Frontline Equity,Birla Sun Life Frontline Equity Fund
DSP Equity,DSP BlackRock Equity Fund
Pramerica Equity,Pramerica Equity Fund
Axis Triple Advantage,Axis Triple Advanatage Fund
Pramerica Short Term Income,Pramerica Short Term Income Fund
Pramerica Short Term Income,Pramerica Short Term Income Fund
Axis Triple Advantage,Axis Triple Advanatage Fund
Pramerica Equity,Pramerica Equity Fund
DSP Equity,DSP BlackRock Equity Fund
Birla SL Frontline Equity,Birla Sun Life Frontline Equity Fund
Pramerica Short Term Income,Pramerica Short Term Income Fund
Axis Triple Advantage,Axis Triple Advanatage Fund
Pramerica Equity,Pramerica Equity Fund
DSP Equity,DSP BlackRock Equity Fund
Birla SL Frontline Equity,Birla Sun Life Frontline Equity Fund
Pramerica Short Term Income,Pramerica Short Term Income Fund
Axis Triple Advantage,Axis Triple Advanatage Fund
Pramerica Equity,Pramerica Equity Fund
DSP Equity,DSP BlackRock Equity Fund
Birla SL Frontline Equity,Birla Sun Life Frontline Equity Fund
Pramerica Short Term Income,Pramerica Short Term Income Fund
Axis Triple Advantage,Axis Triple Advanatage Fund
Pramerica Equity,Pramerica Equity Fund
DSP Equity,DSP BlackRock Equity Fund
Bajaj Allianz Premium Personal Guard,Bajaj Allianz Premier Personal Guard
Bajaj Allianz Critical Illness,Bajaj Allianz Critical Illness Cover
Reliance Banking Fund,Reliance Banking
Savings a/c,Savings Account
IDFC MM Treasury A,IDFC Money Manager Fund - Treasury Plan A
BSL Savings,Birla Sun Life Savings Fund
DSP BR Tax Saver Fund,DSP BlackRock Tax Saver Fund
Reliance Banking Fund,Reliance Banking
Axis Triple Advantage,Axis Triple Advanatage Fund
Pramerica Short Term Income,Pramerica Short Term Income Fund
IDFC MM Treasury A,IDFC Money Manager Fund - Treasury Plan A
BSL Savings,Birla Sun Life Savings Fund
Relaince Banking Fund,Reliance Banking
Axis Triple Advantage,Axis Triple Advanatage Fund
Pramerica Short Term Income,Pramerica Short Term Income Fund
BSL Frontline Equity,Birla Sun Life Frontline Equity Fund
Birla SL Dynamic Bond Fund,Birla Sun Life Dynamic Bond Fund
Birla SL Dynamic Bond Fund,Birla Sun Life Dynamic Bond Fund
HDFC Top 200,HDFC Top 200 Fund
HDFC Top 200,HDFC Top 200 Fund
Reliance Money Manager,Reliance Money Manager Fund - Retail Plan
DSP Br Income Opportunities,DSP BlackRock Income Opportunities Fund
DSP Equity,DSP BlackRock Equity Fund
DSP Equity,DSP BlackRock Equity Fund
L&T Equity Fund,L & T Equity
Birla SL Dynamic Bond Fund,Birla Sun Life Dynamic Bond Fund
IDFC Sterling Equity,IDFC Sterling Equity Fund
IDFC Sterling Equity,IDFC Sterling Equity Fund
DSP Br Income Opportunities,DSP BlackRock Income Opportunities Fund
Reliance Money Manager,Reliance Money Manager Fund - Retail Plan
IDFC Premier Equity,IDFC Premier Equity Fund - Plan A
IDFC Premier Equity,IDFC Premier Equity Fund - Plan A
ICICI Pru Regular Savings,ICICI Prudential Regular Savings
ICICI Pru Regular Savings,ICICI Prudential Regular Savings
DSP Equity Fund - G [Folio:2782446/94],DSP BlackRock Equity Fund
DSP Equity Fund - G [Folio:2782446/94],DSP BlackRock Equity Fund
HDFC Top 200 - G [Folio:8581251/47],HDFC Top 200 Fund
HDFC Top 200 - G [Folio:8581251/47],HDFC Top 200 Fund
BSL Dynamic Fund - G [Folio:1016034708],Birla Sun Life Dynamic Bond Fund
BSL Dynamic Fund - G [Folio:1016034708],Birla Sun Life Dynamic Bond Fund
ICICI Focused Bluechip Reg - Gr,ICICI Blue Chip Fund Growth
Bajaj Allianz Premium Personal guard,Bajaj Allianz Premier Personal Guard
Savings Account,Savings Account
Bajaj Allianz Premium Personal guard,Bajaj Allianz Premier Personal Guard
DSP Equity,DSP BlackRock Equity Fund
Pramerica Equity,Pramerica Equity Fund
BSL Frontline Equity,Birla Sun Life Frontline Equity Fund
Axis Triple Advantage,Axis Triple Advanatage Fund
Pramerica Short Term Income,Pramerica Short Term Income Fund
Pramerica Equity,Pramerica Equity Fund
DSP Equity,DSP BlackRock Equity Fund
BSL Frontline Equity,Birla Sun Life Frontline Equity Fund
Axis Triple Advantage,Axis Triple Advanatage Fund
Pramerica Short Term Income,Pramerica Short Term Income Fund
IDFC Money Manager Treasury A,IDFC Money Manager Fund - Treasury Plan A
BSL Savings Fund,Birla Sun Life Savings Fund
IDFC Money Manager Treasury A,IDFC Money Manager Fund - Treasury Plan A
BSL Savings,Birla Sun Life Savings Fund
IDFC Money Manager Treasury A,IDFC Money Manager Fund - Treasury Plan A
BSL Savings,Birla Sun Life Savings Fund
