ID	ENTITY__C	ET_REMARK__C	EXECUTION_TRACKER_ACTUAL_PRODUCT__C	ACTUAL_COMMISSION__C	EXECUTION_TRACKER__C
a3L200000000DsdEAE	0012000000qXNzMAAW	Actual Product Commision not found			a0l200000061OP8AAM
a3L200000000DsfEAE	0012000000qXNzMAAW	Actual Product Commision not found			a0l200000061OP6AAM
a3L200000000DsgEAE	0012000000qXNzMAAW	Actual Product Commision not found			a0l200000061OP5AAM
a3L200000000DshEAE	0012000000qXNzMAAW	Actual Product Commision not found			a0l200000061OP4AAM
a3L200000000DsiEAE	0012000000qXNzMAAW	Actual Product Commision not found			a0l200000061OP3AAM
a3L200000000DsjEAE	0012000000qXNzMAAW	Actual Product Commision not found			a0l200000061OP2AAM
a3L200000000DskEAE	0012000000qXNzMAAW	Actual Product Commision not found			a0l200000061OP1AAM
a3L200000000DslEAE	0012000000qXNzMAAW				a0l200000061OP0AAM
a3L200000000DsmEAE	0012000000qXNzMAAW	Actual Product Commision not found			a0l200000061OOzAAM
a3L200000000DsnEAE	0012000000qXNzMAAW	Actual Product Commision not found			a0l200000061OOyAAM
a3L200000000DsoEAE	0012000000qXNzMAAW	Actual Product Commision not found			a0l200000061OOxAAM
a3L200000000DsqEAE	0012000000qXNzMAAW				a0l200000061OOvAAM
a3L200000000DsrEAE	0012000000qXNzMAAW				a0l200000061OOuAAM
a3L200000000DssEAE	0012000000qXNzMAAW				a0l200000061OOtAAM
a3L200000000DstEAE	0012000000qXNzMAAW	Actual Product Commision not found			a0l200000061OOsAAM
a3L200000000DsuEAE	0012000000qXNzMAAW				a0l200000061OOrAAM
a3L200000000DswEAE	0012000000qXNzMAAW	Actual Product Commision not found			a0l200000061OOpAAM
a3L200000000DsxEAE	0012000000qXNzMAAW	Actual Product Commision not found			a0l200000061OOoAAM
a3L200000000DsyEAE	0012000000qXNzMAAW	Actual Product Commision not found			a0l200000061OOnAAM
a3L200000000DszEAE	0012000000qXNzMAAW	Actual Product Commision not found			a0l200000061OOmAAM
a3L200000000Dt0EAE	0012000000qXNzMAAW	Actual Product Commision not found			a0l200000061OOlAAM
a3L200000000Dt1EAE	0012000000qXNzMAAW	Actual Product Commision not found			a0l200000061OOkAAM
a3L200000000Dt2EAE	0012000000qXNzMAAW	Actual Product Commision not found			a0l200000061OOjAAM
a3L200000000Dt3EAE	0012000000qXNzMAAW	Actual Product Commision not found			a0l200000061OOiAAM
a3L200000000Dt4EAE	0012000000qXNzMAAW	Actual Product Commision not found			a0l200000061OOhAAM
a3L200000000Dt6EAE	0012000000qXNzMAAW	Actual Product Commision not found	a342000000005SPAAY		a0l200000061OOQAA2
a3L200000000Dt7EAE	0012000000qXNzMAAW				a0l200000061OOPAA2
a3L200000000DtAEAU	0012000000qXNzMAAW	Actual Product Commision not found			a0l200000061OOMAA2
a3L200000000GhgEAE	00120000011w6QQAAY				a0l200000061PYbAAM
a3L200000000GhhEAE	00120000011w6QQAAY				a0l200000061PYaAAM
a3L200000000GhjEAE	00120000011w6QQAAY	Actual Product Commision not found			a0l200000061PYYAA2
a3L200000000GhkEAE	00120000011w6QQAAY	Actual Product Commision not found			a0l200000061PYXAA2
a3L200000000GhlEAE	00120000011w6QQAAY	Actual Product Commision not found			a0l200000061PYWAA2
a3L200000000GhmEAE	00120000011w6QQAAY	Actual Product Commision not found			a0l200000061PYVAA2
a3L200000000GhnEAE	00120000011w6QQAAY	Actual Product Commision not found			a0l200000061PYUAA2
a3L200000000GhpEAE	00120000011w6QQAAY	Actual Product Commision not found			a0l200000061PYSAA2
a3L200000000GhqEAE	00120000011w6QQAAY	Actual Product Commision not found			a0l200000061PYRAA2
a3L200000000GhrEAE	00120000011w6QQAAY	Actual Product Commision not found			a0l200000061PYQAA2
a3L200000000GhsEAE	00120000011w6QQAAY	Actual Product Commision not found			a0l200000061PYPAA2
a3L200000000GhtEAE	00120000011w6QQAAY	Actual Product Commision not found			a0l200000061PYOAA2
a3L200000000GhvEAE	00120000011w6QQAAY	Actual Product Commision not found			a0l200000061PYMAA2
a3L200000000GhwEAE	00120000011w6QQAAY	Actual Product Commision not found			a0l200000061PYLAA2
a3L200000000GhxEAE	00120000011w6QQAAY	Actual Product Commision not found			a0l200000061PYKAA2
a3L200000000GhyEAE	00120000011w6QQAAY	Actual Product Commision not found			a0l200000061PYJAA2
a3L200000000GhzEAE	00120000011w6QQAAY	Actual Product Commision not found			a0l200000061PYIAA2
a3L200000000Gi1EAE	00120000011w6QQAAY	Actual Product Commision not found			a0l200000061PYGAA2
a3L200000000Gi2EAE	00120000011w6QQAAY	Actual Product Commision not found			a0l200000061PYFAA2
a3L200000000Gi3EAE	00120000011w6QQAAY	Actual Product Commision not found			a0l200000061PYEAA2
a3L200000000Gi4EAE	00120000011w6QQAAY	Actual Product Commision not found			a0l200000061PYDAA2
a3L200000000Gi5EAE	00120000011w6QQAAY	Actual Product Commision not found			a0l200000061PYCAA2
a3L200000000Gi6EAE	00120000011w6QQAAY	Actual Product Commision not found			a0l200000061PYBAA2
a3L200000000Gi8EAE	00120000011w6QQAAY	Actual Product Commision not found			a0l200000061PY9AAM
a3L200000000Gi9EAE	00120000011w6QQAAY	Actual Product Commision not found			a0l200000061PY8AAM
a3L200000000GiAEAU	00120000011w6QQAAY	Actual Product Commision not found			a0l200000061PY7AAM
a3L200000000GiBEAU	00120000011w6QQAAY	Actual Product Commision not found			a0l200000061PY6AAM
a3L200000000GiCEAU	00120000011w6QQAAY	Actual Product Commision not found			a0l200000061PY5AAM
a3L200000000GiEEAU	00120000011w6QQAAY	Actual Product Commision not found			a0l200000061PY3AAM
a3L200000000GiFEAU	00120000011w6QQAAY	Actual Product Commision not found			a0l200000061PY2AAM
a3L200000000GiGEAU	00120000011w6QQAAY	Actual Product Commision not found			a0l200000061PY1AAM
a3L200000000GiHEAU	00120000011w6QQAAY	Actual Product Commision not found			a0l200000061PY0AAM
a3L200000000GiIEAU	00120000011w6QQAAY	Actual Product Commision not found			a0l200000061PXzAAM
a3L200000000GiJEAU	00120000011w6QQAAY	Actual Product Commision not found			a0l200000061PXyAAM
a3L200000000GiKEAU	00120000011w6QQAAY	Actual Product Commision not found			a0l200000061PXxAAM
a3L200000000GiLEAU	00120000011w6QQAAY	Actual Product Commision not found			a0l200000061PXwAAM
a3L200000000GiMEAU	00120000011w6QQAAY				a0l200000061PXvAAM
a3L200000000GiNEAU	00120000011w6QQAAY	Actual Product Commision not found			a0l200000061PXuAAM
a3L200000000GiOEAU	00120000011w6QQAAY	Actual Product Commision not found			a0l200000061PYeAAM
a3L200000000GiPEAU	00120000011w6QQAAY	Actual Product Commision not found			a0l200000061PYdAAM
a3L200000000GiREAU	00120000011w6QQAAY	Actual Product Commision not found			a0l200000061PYfAAM
a3L200000000GiTEAU	00120000011w6QQAAY	Actual Product Commision not found			a0l200000061PYmAAM
a3L200000000GiUEAU	00120000011w6QQAAY	Actual Product Commision not found			a0l200000061PYlAAM
a3L200000000GiXEAU	00120000011w6QQAAY	Actual Product Commision not found			a0l200000061PYiAAM
a3L200000000B6dEAE	0012000000xryZiAAI				a0l200000061AVCAA2
a3L200000000B6qEAE	0012000000yEkEzAAK				a0l200000060lJwAAI
a3L200000000B71EAE	0012000000yEkEzAAK				a0l200000060lK0AAI
a3L200000000B7FEAU	0012000000yEkEzAAK				a0l200000060lJtAAI
a3L200000000Ax9EAE	0012000000yEkEzAAK				a0l200000060lKAAAY
a3L200000000AxREAU	0012000000yEkEzAAK				a0l200000060lKZAAY
a3L200000000AxeEAE	0012000000yEkEzAAK				a0l200000060lKSAAY
a3L200000000B0bEAE	0012000000yEkEzAAK				a0l200000060lKHAAY
a3L200000000B5zEAE	0012000000yEkEzAAK				a0l200000060lJzAAI
a3L200000000B13EAE	0012000000yEkEzAAK				a0l200000060lKNAAY
a3L200000000B6HEAU	0012000000yEkEzAAK				a0l200000060lJuAAI
a3L200000000B6UEAU	0012000000xryZiAAI				a0l200000061AVBAA2
a3L200000000AwZEAU	0012000000xGmkKAAS				a0l200000060evxAAA
a3L200000000AwjEAE	0012000000xGmkKAAS				a0l200000060evuAAA
a3L200000000Aq6EAE	0012000000xGmkKAAS				a0l200000060ewuAAA
a3L200000000Aq8EAE	0012000000xGmkKAAS				a0l200000060ewyAAA
a3L200000000AqFEAU	0012000000xGmkKAAS				a0l200000060ewxAAA
a3L200000000AqREAU	0012000000xGmkKAAS				a0l200000060ewvAAA
a3L200000000AqiEAE	0012000000xGmkKAAS				a0l200000060ewzAAA
a3L200000000AqjEAE	0012000000xGmkKAAS				a0l200000060ewtAAA
a3L200000000ArZEAU	0012000000xULzJAAW				a0l200000061FXAAA2
a3L200000000AreEAE	0012000000xGmkKAAS				a0l200000060ewUAAQ
a3L200000000ArfEAE	0012000000xGmkKAAS				a0l200000060ewWAAQ
a3L200000000AriEAE	0012000000xULzJAAW				a0l200000061FXFAA2
a3L200000000ArlEAE	0012000000xGmkKAAS				a0l200000060ewdAAA
a3L200000000ArpEAE	0012000000xGmkKAAS				a0l200000060ewmAAA
a3L200000000ArwEAE	0012000000xGmkKAAS				a0l200000060ewXAAQ
a3L200000000As0EAE	0012000000xGmkKAAS				a0l200000060ewjAAA
a3L200000000As6EAE	0012000000xULzJAAW				a0l200000061FXCAA2
a3L200000000As9EAE	0012000000xULzJAAW				a0l200000061FXGAA2
a3L200000000AsCEAU	0012000000xGmkKAAS				a0l200000060ewiAAA
a3L200000000AskEAE	0012000000xGmkKAAS				a0l200000060ewaAAA
a3L200000000AsmEAE	0012000000xDOi0AAG	Actual Product Commision not found			a0lw0000008sfcvAAA
a3L200000000AstEAE	0012000000xULzJAAW				a0l200000061FXIAA2
a3L200000000At0EAE	0012000000xGmkKAAS				a0l200000060ewpAAA
a3L200000000At4EAE	0012000000xULzJAAW				a0l200000061FXBAA2
a3L200000000At6EAE	0012000000xGmkKAAS				a0l200000060ewhAAA
a3L200000000AtkEAE	0012000000xGmkKAAS				a0l200000060ewVAAQ
a3L200000000AtlEAE	0012000000xp8KsAAI				a0l2000000619AwAAI
a3L200000000Au4EAE	0012000000xp8KsAAI				a0l2000000619AxAAI
a3L200000000AuQEAU	0012000000xULzJAAW				a0l200000061FXHAA2
a3L200000000AuTEAU	0012000000xGmkKAAS				a0l200000060ewTAAQ
a3L200000000AvFEAU	0012000000xGmkKAAS				a0l200000060ew1AAA
a3L200000000AvOEAU	0012000000xULzJAAW				a0l200000061FWzAAM
a3L200000000AvREAU	0012000000xULzJAAW				a0l200000061FWtAAM
a3L200000000AqpEAE	0012000000xGmkKAAS				a0l200000060ewsAAA
a3L200000000AqvEAE	0012000000xGmkKAAS				a0l200000060ewqAAA
a3L200000000Ar4EAE	0012000000xGmkKAAS				a0l200000060ewYAAQ
a3L200000000AvTEAU	0012000000xULzJAAW				a0l200000061FWvAAM
a3L200000000AvaEAE	0012000000xGmkKAAS				a0l200000060ew0AAA
a3L200000000AvpEAE	0012000000xGmkKAAS				a0l200000060evzAAA
a3L200000000AvqEAE	0012000000xULzJAAW				a0l200000061FWuAAM
a3L200000000AvrEAE	0012000000xULzJAAW				a0l200000061FWxAAM
a3L200000000AuVEAU	0012000000xULzJAAW				a0l200000061FX7AAM
a3L200000000AuXEAU	0012000000xGmkKAAS				a0l200000060ewkAAA
a3L200000000AuaEAE	0012000000xULzJAAW				a0l200000061FXJAA2
a3L200000000Aw3EAE	0012000000xGmkKAAS				a0l200000060evwAAA
a3L200000000Aw8EAE	0012000000xGmkKAAS				a0l200000060evyAAA
a3L200000000AwAEAU	0012000000xGmkKAAS				a0l200000060evvAAA
a3L200000000AwREAU	0012000000xULzJAAW				a0l200000061FWwAAM
a3L200000000AtAEAU	0012000000xGmkKAAS				a0l200000060ewcAAA
a3L200000000AtBEAU	0012000000xGmkKAAS				a0l200000060ewlAAA
a3L200000000AtCEAU	0012000000xGmkKAAS				a0l200000060ewfAAA
a3L200000000AtEEAU	0012000000xULzJAAW				a0l200000061FX9AAM
a3L200000000AtGEAU	0012000000xGmkKAAS				a0l200000060ewoAAA
a3L200000000AtIEAU	0012000000xDOi0AAG	Actual Product Commision not found			a0lw0000008sfcwAAA
a3L200000000AtMEAU	0012000000xULzJAAW				a0l200000061FXDAA2
a3L200000000AtTEAU	0012000000xGmkKAAS				a0l200000060ewbAAA
a3L200000000AujEAE	0012000000xp57MAAQ				a0l200000061LpsAAE
a3L200000000AulEAE	0012000000xGmkKAAS				a0l200000060ewnAAA
a3L200000000AusEAE	0012000000xGmkKAAS				a0l200000060ewZAAQ
a3L200000000Av3EAE	0012000000xGmkKAAS				a0l200000060ewgAAA
a3L200000000Av4EAE	0012000000xGmkKAAS				a0l200000060eweAAA
a3L200000000A6XEAU	0012000000zG2rtAAC				a0l200000061Os0AAE
a3L200000000A6YEAU	0012000000zG2rtAAC	Actual Product Commision not found			a0l200000061OrzAAE
a3L200000000A6ZEAU	0012000000zG2rtAAC	Actual Product Commision not found			a0l200000061OryAAE
a3L200000000A6bEAE	0012000000zG2rtAAC	Actual Product Commision not found			a0l200000061OrwAAE
a3L200000000A6cEAE	0012000000zG2rtAAC				a0l200000061OrvAAE
a3L200000000A6fEAE	0012000000zG2rtAAC				a0l200000061OrsAAE
a3L200000000A6hEAE	0012000000zG2rtAAC	Actual Product Commision not found			a0l200000061OrqAAE
a3L200000000A6iEAE	0012000000zG2rtAAC	Actual Product Commision not found			a0l200000061OrpAAE
a3L200000000A6jEAE	0012000000zG2rtAAC				a0l200000061OroAAE
a3L200000000A6kEAE	0012000000zG2rtAAC				a0l200000061OrnAAE
a3L200000000A6lEAE	0012000000zG2rtAAC	Actual Product Commision not found			a0l200000061OrmAAE
a3L200000000A6dEAE	0012000000zG2rtAAC				a0l200000061OruAAE
a3L200000000A6eEAE	0012000000zG2rtAAC	Actual Product Commision not found			a0l200000061OrtAAE
a3L200000000A6nEAE	0012000000zG2rtAAC	Actual Product Commision not found	a342000000005SPAAY		a0l200000061OrfAAE
a3L200000000A6oEAE	0012000000zG2rtAAC	Actual Product Commision not found			a0l200000061OreAAE
a3L200000000A6rEAE	0012000000zG2rtAAC	Actual Product Commision not found			a0l200000061OrbAAE
a3L200000000AoHEAU	0012000000xp57MAAQ				a0l200000061LqgAAE
a3L200000000ApJEAU	0012000000xGmkKAAS				a0l200000060ewrAAA
a3L200000000AodEAE	0012000000xGmkKAAS				a0l200000060ewwAAA
a3L200000000AWEEA2	0012000000vUKWWAA4	Actual Product Commision not found			a0lw0000008sklnAAA
a3L200000000GaaEAE	0012000000yLa7xAAC	Actual Product Commision not found	a342000000005SPAAY		a0l200000061QaCAAU
a3L200000000GZrEAM	0012000000yLa7xAAC	Actual Product Commision not found			a0l200000061QaaAAE
a3L200000000GZwEAM	0012000000yLa7xAAC	Actual Product Commision not found			a0l200000061QafAAE
a3L200000000Ga3EAE	0012000000yLa7xAAC	Actual Product Commision not found			a0l200000061QamAAE
a3L200000000Ga9EAE	0012000000yLa7xAAC	Actual Product Commision not found			a0l200000061QasAAE
a3L200000000GaGEAU	0012000000yLa7xAAC	Actual Product Commision not found			a0l200000061QaFAAU
a3L200000000GaIEAU	0012000000yLa7xAAC	Actual Product Commision not found			a0l200000061QaHAAU
a3L200000000GaNEAU	0012000000yLa7xAAC	Actual Product Commision not found			a0l200000061QaMAAU
a3L200000000GaPEAU	0012000000yLa7xAAC	Actual Product Commision not found			a0l200000061QaOAAU
a3L200000000GaVEAU	0012000000yLa7xAAC	Actual Product Commision not found			a0l200000061QaUAAU
a3L2000000009jqEAA	0012000000fq8aZAAQ				a0l200000061G0zAAE
a3L2000000009b1EAA	0012000000fq8aZAAQ				a0l200000061G1PAAU
a3L2000000009fjEAA	0012000000fq8aZAAQ				a0l200000061G14AAE
a3L2000000009iUEAQ	0012000000iC7HtAAK				a0l200000061JmWAAU
a3L2000000009JnEAI	0012000000ZmRKNAA3	Actual Product Commision not found			a0l20000008rfMWAAY
a3L2000000009KAEAY	0012000000ZmRKNAA3	Actual Product Commision not found	a342000000005TrAAI		a0l20000008rfMFAAY
a3L200000000CIaEAM	00120000011EPi0AAG				a0lw0000008rq22AAA
a3L200000000CImEAM	00120000011EPi0AAG				a0lw0000008rq23AAA
a3L200000000CJ9EAM	00120000011EPi0AAG				a0lw0000008rq1uAAA
a3L200000000CJBEA2	00120000011EPi0AAG				a0lw0000008rq1tAAA
a3L200000000BbaEAE	0012000000zGeVeAAK				a0l2000000619J5AAI
a3L200000000BqIEAU	00120000010PFtRAAW				a0l200000061JWiAAM
a3L200000000BhXEAU	00120000010OKlmAAG				a0l200000061LaOAAU
a3L200000000BlqEAE	0012000000zISziAAG				a0l200000061Nc2AAE
a3L200000000BlsEAE	00120000010OKlmAAG				a0l200000061LaMAAU
a3L200000000BqZEAU	0012000000zISziAAG				a0l200000061Nc3AAE
a3L200000000BtEEAU	00120000010PFtRAAW				a0l200000061JWOAA2
a3L200000000Bo6EAE	0012000000zISziAAG				a0l200000061NcDAAU
a3L200000000BrAEAU	00120000010OKlmAAG				a0l200000061LaPAAU
a3L200000000BmyEAE	0012000000zISziAAG				a0l200000061NcAAAU
a3L200000000Bn6EAE	0012000000zISziAAG				a0l200000061Nc6AAE
a3L200000000BuKEAU	00120000010OKlmAAG				a0l200000061LaJAAU
a3L200000000BifEAE	0012000000zISziAAG				a0l200000061NcGAAU
a3L200000000BizEAE	0012000000zISziAAG				a0l200000061Nc7AAE
a3L200000000BnYEAU	00120000010OKlmAAG				a0l200000061LaXAAU
a3L200000000ButEAE	00120000010OKlmAAG				a0l200000061LaKAAU
a3L200000000BuzEAE	00120000010PFtRAAW				a0l200000061JWIAA2
a3L200000000BjXEAU	00120000010OKlmAAG				a0l200000061LaWAAU
a3L200000000BvoEAE	0012000000zIfbzAAC				a0l200000061Jr8AAE
a3L200000000BwAEAU	00120000010PFtRAAW				a0l200000061JWUAA2
a3L200000000BkAEAU	0012000000zISziAAG				a0l200000061Nc1AAE
a3L200000000BkEEAU	0012000000zISziAAG				a0l200000061NcEAAU
a3L200000000BkcEAE	00120000010OKlmAAG				a0l200000061LaNAAU
a3L200000000BkfEAE	0012000000zISziAAG				a0l200000061Nc8AAE
a3L200000000BwZEAU	00120000010OKlmAAG				a0l200000061LaLAAU
a3L200000000BpYEAU	0012000000zISziAAG				a0l200000061NcFAAU
a3L200000000BptEAE	0012000000zISziAAG				a0l200000061Nc0AAE
a3L200000000BsLEAU	0012000000zISziAAG				a0l200000061Nc9AAE
a3L200000000BsNEAU	0012000000zISziAAG				a0l200000061NcCAAU
a3L200000000BsbEAE	0012000000zISziAAG				a0l200000061Nc4AAE
a3L200000000BwvEAE	00120000010OuqUAAS				a0lw0000008rzU7AAI
a3L200000000Bt5EAE	00120000010OKlmAAG				a0l200000061LaHAAU
a3L200000000C2pEAE	00120000011DX9nAAG				a0l200000061M5xAAE
a3L200000000CB7EAM	00120000011DX9nAAG				a0l200000061M57AAE
a3L200000000CBNEA2	00120000011DX9nAAG				a0l200000061M5HAAU
a3L200000000CBOEA2	00120000011DX9nAAG				a0l200000061M5IAAU
a3L200000000C3JEAU	00120000011DX9nAAG				a0l200000061M5uAAE
a3L200000000CBfEAM	00120000010PtRlAAK				a0l200000061LHFAA2
a3L200000000CBtEAM	00120000011DX9nAAG				a0l200000061M5NAAU
a3L200000000C3cEAE	00120000011DX9nAAG				a0l200000061M5lAAE
a3L200000000C3mEAE	00120000011DX9nAAG				a0l200000061M5iAAE
a3L200000000CCXEA2	00120000011D6k1AAC				a0l200000061MbGAAU
a3L200000000CCYEA2	00120000011DX9nAAG				a0l200000061M5KAAU
a3L200000000C46EAE	00120000010PtRlAAK				a0l200000061LGpAAM
a3L200000000C4IEAU	00120000011DX9nAAG				a0l200000061M5oAAE
a3L200000000C4NEAU	00120000011DX9nAAG				a0l200000061M5tAAE
a3L200000000CD9EAM	00120000011DX9nAAG				a0l200000061M5MAAU
a3L200000000CDGEA2	00120000010PfsRAAS				a0l200000061AjDAAU
a3L200000000C56EAE	00120000011DX9nAAG				a0l200000061M5kAAE
a3L200000000C5EEAU	00120000011DX9nAAG				a0l200000061M5QAAU
a3L200000000C5UEAU	00120000010PtRlAAK				a0l200000061LGwAAM
a3L200000000CDnEAM	00120000011DX9nAAG				a0l200000061M56AAE
a3L200000000CDtEAM	00120000010PtRlAAK				a0l200000061LHBAA2
a3L200000000CDxEAM	00120000010PfsRAAS				a0l200000061AjEAAU
a3L200000000CE6EAM	00120000011DX9nAAG				a0l200000061M5JAAU
a3L200000000C5nEAE	00120000011DX9nAAG				a0l200000061M5qAAE
a3L200000000C60EAE	00120000011DX9nAAG				a0l200000061M5wAAE
a3L200000000CEOEA2	00120000011DX9nAAG				a0l200000061M4oAAE
a3L200000000CFfEAM	00120000011DXmiAAG				a0l200000061JIXAA2
a3L200000000CFiEAM	00120000011DXmiAAG				a0l200000061JIUAA2
a3L200000000C7mEAE	00120000011DX9nAAG				a0l200000061M5nAAE
a3L200000000C86EAE	00120000011DX9nAAG				a0l200000061M5hAAE
a3L200000000C04EAE	00120000011DX9nAAG				a0l200000061M5mAAE
a3L200000000C8YEAU	00120000011DX9nAAG				a0l200000061M5rAAE
a3L200000000C8dEAE	00120000011DX9nAAG				a0l200000061M5PAAU
a3L200000000C8lEAE	00120000010QCpUAAW				a0l200000061KnFAAU
a3L200000000C06EAE	00120000011DX9nAAG				a0l200000061M5gAAE
a3L200000000C0dEAE	00120000011DX9nAAG				a0l200000061M5OAAU
a3L200000000C8zEAE	00120000011D6k1AAC				a0l200000061MbHAAU
a3L200000000C9KEAU	00120000010PfsRAAS				a0l200000061AjBAAU
a3L200000000C0oEAE	00120000011DX9nAAG				a0l200000061M5SAAU
a3L200000000C0uEAE	00120000011DX9nAAG				a0l200000061M5TAAU
a3L200000000C9YEAU	00120000010PtRlAAK				a0l200000061LHAAA2
a3L200000000C9cEAE	00120000010PtRlAAK				a0l200000061LH8AAM
a3L200000000C9oEAE	00120000011DX9nAAG				a0l200000061M5GAAU
a3L200000000C1kEAE	00120000011DX9nAAG				a0l200000061M5sAAE
a3L200000000CAuEAM	00120000010PtRlAAK				a0l200000061LHEAA2
a3L200000000IunEAE	0012000000j9g4GAAQ				a0lw0000008rwnfAAA
a3L200000000IuoEAE	0012000000j9g4GAAQ				a0lw0000008rwngAAA
a3L200000000IurEAE	0012000000j9g4GAAQ				a0lw0000008rwnjAAA
a3L200000000IusEAE	0012000000j9g4GAAQ				a0lw0000008rwnkAAA
a3L200000000Iv1EAE	0012000000j9g4GAAQ				a0lw0000008rwn5AAA
a3L200000000BGKEA2	0012000000yLJTnAAO				a0l200000061N4FAAU
a3L200000000BGMEA2	0012000000yLJTnAAO				a0l200000061N4CAAU
a3L200000000BGUEA2	0012000000yF5ZOAA0				a0l200000061PMAAA2
a3L200000000BGdEAM	0012000000yF5ZOAA0				a0l200000061PMTAA2
a3L200000000BQsEAM	0012000000yL1tEAAS				a0l200000060t8WAAQ
a3L200000000BQvEAM	0012000000yL1tEAAS				a0l200000060t8YAAQ
a3L200000000BR0EAM	0012000000yL1tEAAS				a0l200000060t8bAAA
a3L200000000BMvEAM	0012000000yF5ZOAA0				a0l200000061PMmAAM
a3L200000000BMxEAM	0012000000yF5ZOAA0				a0l200000061PMsAAM
a3L200000000BRIEA2	0012000000yL1tEAAS				a0l200000060t8aAAA
a3L200000000BRYEA2	0012000000yL1tEAAS				a0l200000060t8XAAQ
a3L200000000BRcEAM	0012000000yL1tEAAS				a0l200000060t8ZAAQ
a3L200000000BGrEAM	0012000000yF5ZOAA0				a0l200000061PMRAA2
a3L200000000BH3EAM	0012000000yF5ZOAA0				a0l200000061PMWAA2
a3L200000000BH4EAM	0012000000yJZNrAAO				a0l200000061FJRAA2
a3L200000000BNvEAM	0012000000yF5ZOAA0				a0l200000061PMqAAM
a3L200000000BNxEAM	0012000000yF5ZOAA0				a0l200000061PMrAAM
a3L200000000BHeEAM	0012000000yF5ZOAA0				a0l200000061PMXAA2
a3L200000000BHgEAM	0012000000yF5ZOAA0				a0l200000061PMeAAM
a3L200000000BI4EAM	0012000000yF5ZOAA0				a0l200000061PMGAA2
a3L200000000BIXEA2	0012000000yF5ZOAA0				a0l200000061PMFAA2
a3L200000000BIiEAM	0012000000yF5ZOAA0				a0l200000061PMLAA2
a3L200000000BJ0EAM	0012000000yF5ZOAA0				a0l200000061PMSAA2
a3L200000000BJ2EAM	0012000000yF5ZOAA0				a0l200000061PMOAA2
a3L200000000BJIEA2	0012000000yF5ZOAA0				a0l200000061PMhAAM
a3L200000000BJNEA2	0012000000yF5ZOAA0				a0l200000061PMdAAM
a3L200000000BJhEAM	0012000000yF5ZOAA0				a0l200000061PM8AAM
a3L200000000BJqEAM	0012000000yF5ZOAA0				a0l200000061PMVAA2
a3L200000000BJvEAM	0012000000yF5ZOAA0				a0l200000061PM9AAM
a3L200000000BKeEAM	0012000000yF5ZOAA0				a0l200000061PMQAA2
a3L200000000BOOEA2	0012000000yF5ZOAA0				a0l200000061PMkAAM
a3L200000000BKpEAM	0012000000yJZNrAAO				a0l200000061FJOAA2
a3L200000000BOaEAM	0012000000yF5ZOAA0				a0l200000061PMlAAM
a3L200000000BL4EAM	0012000000yF5ZOAA0				a0l200000061PMcAAM
a3L200000000BLcEAM	0012000000yF5ZOAA0				a0l200000061PMYAA2
a3L200000000BLlEAM	0012000000yF5ZOAA0				a0l200000061PMIAA2
a3L200000000BPcEAM	0012000000yF5ZOAA0				a0l200000061PMpAAM
a3L200000000BPgEAM	0012000000yF5ZOAA0				a0l200000061PMoAAM
a3L200000000BPkEAM	0012000000yF5ZOAA0				a0l200000061PMjAAM
a3L200000000BFwEAM	0012000000yF5ZOAA0				a0l200000061PMiAAM
a3L200000000BM8EAM	0012000000yF5ZOAA0				a0l200000061PMCAA2
a3L200000000BMJEA2	0012000000yF5ZOAA0				a0l200000061PMMAA2
a3L200000000BQGEA2	0012000000yL1tEAAS				a0l200000060t8dAAA
a3L200000000BQOEA2	0012000000yL1tEAAS				a0l200000060t8cAAA
a3L200000000ACnEAM	0012000000qAhk3AAC				a0l200000061BShAAM
a3L200000000AD9EAM	0012000000qAhk3AAC				a0l200000061BSbAAM
a3L200000000AEOEA2	0012000000rG4TaAAK	Actual Product Commision not found			a0l200000061NIwAAM
a3L200000000AFSEA2	0012000000qAhk3AAC				a0l200000061BStAAM
a3L200000000AFTEA2	0012000000rGf5UAAS				a0l200000061LOpAAM
a3L200000000AG5EAM	0012000000rGf5UAAS				a0l200000061LOOAA2
a3L200000000AGsEAM	0012000000rG4TaAAK	Actual Product Commision not found			a0l200000061NIRAA2
a3L200000000AHPEA2	0012000000rGf5UAAS				a0l200000061LOjAAM
a3L200000000AHxEAM	0012000000qAhk3AAC				a0l200000061BRgAAM
a3L200000000ABrEAM	0012000000qAhk3AAC				a0l200000061BSnAAM
a3L200000000JXUEA2	0012000000pcDtLAAU	Actual Product Commision not found			a0lw0000008scw9AAA
a3L200000000JXVEA2	0012000000pcDtLAAU	Actual Product Commision not found			a0lw0000008scwAAAQ
a3L200000000JXWEA2	0012000000pcDtLAAU	Actual Product Commision not found			a0lw0000008scwBAAQ
a3L200000000JXXEA2	0012000000pcDtLAAU	Actual Product Commision not found			a0lw0000008scwCAAQ
a3L200000000JXZEA2	0012000000pcDtLAAU	Actual Product Commision not found			a0lw0000008scwEAAQ
a3L200000000JXaEAM	0012000000pcDtLAAU	Actual Product Commision not found			a0lw0000008scwFAAQ
a3L200000000JXbEAM	0012000000pcDtLAAU	Actual Product Commision not found			a0lw0000008scwGAAQ
a3L200000000JXcEAM	0012000000pcDtLAAU	Actual Product Commision not found			a0lw0000008scwHAAQ
a3L200000000JXfEAM	0012000000pcDtLAAU	Actual Product Commision not found			a0lw0000008scwKAAQ
a3L200000000JXgEAM	0012000000pcDtLAAU	Actual Product Commision not found			a0lw0000008scwLAAQ
a3L200000000JXhEAM	0012000000pcDtLAAU	Actual Product Commision not found			a0lw0000008scwMAAQ
a3L200000000JXjEAM	0012000000pcDtLAAU	Actual Product Commision not found			a0lw0000008scwOAAQ
a3L200000000JXkEAM	0012000000pcDtLAAU	Actual Product Commision not found			a0lw0000008scwPAAQ
a3L200000000JXlEAM	0012000000pcDtLAAU	Actual Product Commision not found			a0lw0000008scwQAAQ
a3L200000000JXmEAM	0012000000pcDtLAAU	Actual Product Commision not found			a0lw0000008scwRAAQ
a3L200000000JXnEAM	0012000000pcDtLAAU	Actual Product Commision not found			a0lw0000008scwSAAQ
a3L200000000JXsEAM	0012000000pcDtLAAU	Actual Product Commision not found			a0lw0000008scwXAAQ
a3L200000000JXuEAM	0012000000pcDtLAAU	Actual Product Commision not found			a0lw0000008scwZAAQ
a3L200000000JXwEAM	0012000000pcDtLAAU	Actual Product Commision not found			a0lw0000008scwbAAA
a3L200000000JXxEAM	0012000000pcDtLAAU	Actual Product Commision not found			a0lw0000008scwcAAA
a3L200000000JXyEAM	0012000000pcDtLAAU	Actual Product Commision not found			a0lw0000008scwdAAA
a3L200000000JXzEAM	0012000000pcDtLAAU	Actual Product Commision not found			a0lw0000008scweAAA
a3L200000000JY1EAM	0012000000pcDtLAAU	Actual Product Commision not found			a0lw0000008scwgAAA
a3L200000000JY2EAM	0012000000pcDtLAAU	Actual Product Commision not found			a0lw0000008scwhAAA
a3L200000000JY3EAM	0012000000pcDtLAAU	Actual Product Commision not found			a0lw0000008scwiAAA
a3L200000000JY6EAM	0012000000pcDtLAAU	Actual Product Commision not found			a0lw0000008scwlAAA
a3L200000000JY7EAM	0012000000pcDtLAAU	Actual Product Commision not found			a0lw0000008scwmAAA
a3L200000000JY8EAM	0012000000pcDtLAAU	Actual Product Commision not found			a0lw0000008scwnAAA
a3L200000000HoBEAU	00120000011w71dAAA	Actual Product Commision not found			a0lw0000008slexAAA
a3L200000000HoDEAU	00120000011w71dAAA	Actual Product Commision not found			a0lw0000008sleiAAA
a3L200000000HoJEAU	00120000011w71dAAA	Actual Product Commision not found			a0lw0000008sleoAAA
a3L200000000HoLEAU	00120000011w71dAAA	Actual Product Commision not found			a0lw0000008sleqAAA
a3L200000000HoMEAU	00120000011w71dAAA	Actual Product Commision not found			a0lw0000008slerAAA
a3L200000000HoNEAU	00120000011w71dAAA	Actual Product Commision not found			a0lw0000008slesAAA
a3L200000000HoPEAU	00120000011w71dAAA	Actual Product Commision not found			a0lw0000008sleuAAA
a3L200000000HoQEAU	00120000011w71dAAA	Actual Product Commision not found			a0lw0000008slevAAA
a3L200000000HoREAU	00120000011w71dAAA	Actual Product Commision not found	a342000000005SPAAY		a0lw0000008sleEAAQ
a3L200000000HoSEAU	00120000011w71dAAA	Actual Product Commision not found	a342000000005SPAAY		a0lw0000008sleDAAQ
a3L200000000J7aEAE	00120000011DbCbAAK	Actual Product Commision not found			a0l20000008rf8lAAA
a3L200000000J7bEAE	00120000011DbCbAAK	Actual Product Commision not found			a0l20000008rf8mAAA
a3L200000000J7cEAE	00120000011DbCbAAK	Actual Product Commision not found			a0l20000008rf8nAAA
a3L200000000J7dEAE	00120000011DbCbAAK	Actual Product Commision not found			a0l20000008rf8oAAA
a3L200000000J7eEAE	00120000011DbCbAAK	Actual Product Commision not found			a0l20000008rf8pAAA
a3L200000000J7fEAE	00120000011DbCbAAK	Actual Product Commision not found			a0l20000008rf8qAAA
a3L200000000J7gEAE	00120000011DbCbAAK	Actual Product Commision not found			a0l20000008rf8rAAA
a3L200000000J7hEAE	00120000011DbCbAAK	Actual Product Commision not found			a0l20000008rf8sAAA
a3L200000000J7jEAE	00120000011DbCbAAK	Actual Product Commision not found			a0l20000008rf8uAAA
a3L200000000J7lEAE	00120000011DbCbAAK	Actual Product Commision not found			a0l20000008rf8wAAA
a3L200000000J7mEAE	00120000011DbCbAAK	Actual Product Commision not found			a0l20000008rf8xAAA
a3L200000000J7nEAE	00120000011DbCbAAK	Actual Product Commision not found			a0l20000008rf8yAAA
a3Lw00000000NXoEAM	0012000000s2UymAAE	Actual Product Commision not found			a0lw0000008sU0mAAE
a3Lw00000000MmiEAE	0012000000fqOufAAE	Actual Product Commision not found			a0lw0000008snE6AAI
a3Lw00000000MmoEAE	0012000000fqOufAAE	Actual Product Commision not found			a0lw0000008snECAAY
a3Lw00000000MmxEAE	0012000000fqOufAAE	Actual Product Commision not found			a0lw0000008snELAAY
a3Lw00000000Mn2EAE	0012000000fqOufAAE	Actual Product Commision not found			a0lw0000008snDkAAI
a3Lw00000000Mn5EAE	0012000000fqOufAAE	Actual Product Commision not found			a0lw0000008snDnAAI
a3Lw00000000MnDEAU	0012000000fqOufAAE	Actual Product Commision not found			a0lw0000008snDvAAI
a3Lw00000000MnIEAU	0012000000fqOufAAE	Actual Product Commision not found			a0lw0000008snE0AAI
a3Lw00000000N6DEAU	00120000012CbhUAAS	Actual Product Commision not found			a0lw0000008semEAAQ
a3Lw00000000N6EEAU	00120000012CbhUAAS	Actual Product Commision not found			a0lw0000008semFAAQ
a3Lw00000000N6FEAU	00120000012CbhUAAS	Actual Product Commision not found			a0lw0000008semGAAQ
a3Lw00000000N6GEAU	00120000012CbhUAAS	Actual Product Commision not found			a0lw0000008semHAAQ
a3Lw00000000N6HEAU	00120000012CbhUAAS	Actual Product Commision not found			a0lw0000008semIAAQ
a3Lw00000000N6IEAU	00120000012CbhUAAS	Actual Product Commision not found			a0lw0000008semJAAQ
a3Lw00000000N6JEAU	00120000012CbhUAAS	Actual Product Commision not found			a0lw0000008semKAAQ
a3Lw00000000N6KEAU	00120000012CbhUAAS	Actual Product Commision not found			a0lw0000008semLAAQ
a3Lw00000000N6LEAU	00120000012CbhUAAS	Actual Product Commision not found			a0lw0000008semMAAQ
a3Lw00000000N6MEAU	00120000012CbhUAAS	Actual Product Commision not found			a0lw0000008semNAAQ
a3Lw00000000N6NEAU	00120000012CbhUAAS	Actual Product Commision not found			a0lw0000008semOAAQ
a3Lw00000000N6OEAU	00120000012CbhUAAS	Actual Product Commision not found			a0lw0000008semPAAQ
a3Lw00000000N6PEAU	00120000012CbhUAAS	Actual Product Commision not found			a0lw0000008semQAAQ
a3Lw00000000N6QEAU	00120000012CbhUAAS	Actual Product Commision not found			a0lw0000008semRAAQ
a3Lw00000000N6REAU	00120000012CbhUAAS	Actual Product Commision not found			a0lw0000008semSAAQ
a3Lw00000000N6SEAU	00120000012CbhUAAS	Actual Product Commision not found			a0lw0000008semTAAQ
a3Lw00000000N6TEAU	00120000012CbhUAAS	Actual Product Commision not found			a0lw0000008semUAAQ
a3Lw00000000N6UEAU	00120000012CbhUAAS	Actual Product Commision not found			a0lw0000008semVAAQ
a3Lw00000000N6VEAU	00120000012CbhUAAS	Actual Product Commision not found			a0lw0000008semWAAQ
a3Lw00000000N6WEAU	00120000012CbhUAAS	Actual Product Commision not found			a0lw0000008semXAAQ
a3Lw00000000N6XEAU	00120000012CbhUAAS	Actual Product Commision not found			a0lw0000008semYAAQ
a3Lw00000000N6YEAU	00120000012CbhUAAS	Actual Product Commision not found			a0lw0000008semZAAQ
a3Lw00000000N6ZEAU	00120000012CbhUAAS	Actual Product Commision not found			a0lw0000008semaAAA
a3Lw00000000N6aEAE	00120000012CbhUAAS	Actual Product Commision not found			a0lw0000008sembAAA
a3Lw00000000N6bEAE	00120000012CbhUAAS	Actual Product Commision not found			a0lw0000008semcAAA
a3Lw00000000N6cEAE	00120000012CbhUAAS	Actual Product Commision not found			a0lw0000008semdAAA
a3Lw00000000N6dEAE	00120000012CbhUAAS	Actual Product Commision not found			a0lw0000008semeAAA
a3Lw00000000N6eEAE	00120000012CbhUAAS	Actual Product Commision not found			a0lw0000008semfAAA
a3Lw00000000N6gEAE	00120000012CbhUAAS	Actual Product Commision not found			a0lw0000008semhAAA
a3Lw00000000N6hEAE	00120000012CbhUAAS	Actual Product Commision not found			a0lw0000008semiAAA
a3Lw00000000N6iEAE	00120000012CbhUAAS	Actual Product Commision not found			a0lw0000008semjAAA
a3Lw00000000N6jEAE	00120000012CbhUAAS	Actual Product Commision not found			a0lw0000008semkAAA
a3Lw00000000N6kEAE	00120000012CbhUAAS	Actual Product Commision not found			a0lw0000008semlAAA
a3Lw00000000N6lEAE	00120000012CbhUAAS	Actual Product Commision not found			a0lw0000008semmAAA
a3Lw00000000N6mEAE	00120000012CbhUAAS	Actual Product Commision not found			a0lw0000008semnAAA
a3Lw00000000N6nEAE	00120000012CbhUAAS	Actual Product Commision not found			a0lw0000008semoAAA
a3Lw00000000N6oEAE	00120000012CbhUAAS	Actual Product Commision not found			a0lw0000008sempAAA
a3Lw00000000N6pEAE	00120000012CbhUAAS	Actual Product Commision not found			a0lw0000008semqAAA
a3Lw00000000N6qEAE	00120000012CbhUAAS	Actual Product Commision not found			a0lw0000008semrAAA
a3Lw00000000N6rEAE	00120000012CbhUAAS	Actual Product Commision not found			a0lw0000008semsAAA
a3Lw00000000N6sEAE	00120000012CbhUAAS	Actual Product Commision not found			a0lw0000008semtAAA
a3Lw00000000N6tEAE	00120000012CbhUAAS	Actual Product Commision not found			a0lw0000008semuAAA
a3Lw00000000N6uEAE	00120000012CbhUAAS	Actual Product Commision not found			a0lw0000008semvAAA
a3Lw00000000N6vEAE	00120000012CbhUAAS	Actual Product Commision not found			a0lw0000008semwAAA
a3Lw00000000N6wEAE	00120000012CbhUAAS	Actual Product Commision not found			a0lw0000008semxAAA
a3Lw00000000N6xEAE	00120000012CbhUAAS	Actual Product Commision not found			a0lw0000008semyAAA
a3Lw00000000N6zEAE	00120000012CbhUAAS	Actual Product Commision not found			a0lw0000008sen0AAA
a3Lw00000000N70EAE	00120000012CbhUAAS	Actual Product Commision not found			a0lw0000008sen1AAA
a3Lw00000000N71EAE	00120000012CbhUAAS	Actual Product Commision not found			a0lw0000008sen2AAA
a3Lw00000000N72EAE	00120000012CbhUAAS	Actual Product Commision not found			a0lw0000008sen3AAA
a3Lw00000000N73EAE	00120000012CbhUAAS	Actual Product Commision not found			a0lw0000008sen4AAA
a3Lw00000000N74EAE	00120000012CbhUAAS	Actual Product Commision not found			a0lw0000008sen5AAA
a3Lw00000000N75EAE	00120000012CbhUAAS	Actual Product Commision not found			a0lw0000008sen6AAA
a3Lw00000000N76EAE	00120000012CbhUAAS	Actual Product Commision not found			a0lw0000008sen7AAA
a3Lw00000000N77EAE	00120000012CbhUAAS	Actual Product Commision not found			a0lw0000008sen8AAA
a3Lw00000000N78EAE	00120000012CbhUAAS	Actual Product Commision not found			a0lw0000008sen9AAA
a3Lw00000000N79EAE	00120000012CbhUAAS	Actual Product Commision not found			a0lw0000008senAAAQ
a3Lw00000000N7AEAU	00120000012CbhUAAS	Actual Product Commision not found			a0lw0000008senBAAQ
a3Lw00000000N7BEAU	00120000012CbhUAAS	Actual Product Commision not found			a0lw0000008senCAAQ
a3Lw00000000N7CEAU	00120000012CbhUAAS	Actual Product Commision not found			a0lw0000008senDAAQ
a3Lw00000000N7DEAU	00120000012CbhUAAS	Actual Product Commision not found			a0lw0000008senEAAQ
a3Lw00000000N7EEAU	00120000012CbhUAAS	Actual Product Commision not found			a0lw0000008senFAAQ
a3Lw00000000N7FEAU	00120000012CbhUAAS	Actual Product Commision not found			a0lw0000008senGAAQ
a3Lw00000000N7HEAU	00120000012CbhUAAS	Actual Product Commision not found			a0lw0000008sem0AAA
a3Lw00000000N7IEAU	00120000012CbhUAAS	Actual Product Commision not found			a0lw0000008sem1AAA
a3Lw00000000N7JEAU	00120000012CbhUAAS	Actual Product Commision not found			a0lw0000008sem2AAA
a3Lw00000000N7KEAU	00120000012CbhUAAS	Actual Product Commision not found			a0lw0000008sem3AAA
a3Lw00000000N7LEAU	00120000012CbhUAAS	Actual Product Commision not found			a0lw0000008sem4AAA
a3Lw00000000N7MEAU	00120000012CbhUAAS	Actual Product Commision not found			a0lw0000008sem5AAA
a3Lw00000000N7NEAU	00120000012CbhUAAS	Actual Product Commision not found			a0lw0000008sem6AAA
a3Lw00000000N7OEAU	00120000012CbhUAAS	Actual Product Commision not found			a0lw0000008sem7AAA
a3Lw00000000N7PEAU	00120000012CbhUAAS	Actual Product Commision not found			a0lw0000008sem8AAA
a3Lw00000000N7SEAU	00120000012CbhUAAS	Actual Product Commision not found			a0lw0000008semBAAQ
a3Lw00000000N7TEAU	00120000012CbhUAAS	Actual Product Commision not found			a0lw0000008seliAAA
a3Lw00000000N7WEAU	00120000012CbhUAAS	Actual Product Commision not found			a0lw0000008selfAAA
a3Lw00000000N7YEAU	00120000012CbhUAAS	Actual Product Commision not found			a0lw0000008seldAAA
a3Lw00000000T0oEAE	0012000000na1EjAAI	Actual Product Commision not found			a0lw0000008st5bAAA
a3L200000000HvCEAU	00120000011DbCgAAK	Actual Product Commision not found			a0l200000061QZLAA2
a3L200000000HvDEAU	00120000011DbCgAAK	Actual Product Commision not found			a0l200000061QZMAA2
a3L200000000HvEEAU	00120000011DbCgAAK	Actual Product Commision not found			a0l200000061QZNAA2
a3L200000000HvFEAU	00120000011DbCgAAK	Actual Product Commision not found			a0l200000061QZOAA2
a3L200000000HvGEAU	00120000011DbCgAAK	Actual Product Commision not found			a0l200000061QZPAA2
a3L200000000HvHEAU	00120000011DbCgAAK	Actual Product Commision not found			a0l200000061QZQAA2
a3L200000000HvJEAU	00120000011DbCgAAK	Actual Product Commision not found			a0l200000061QZSAA2
a3L200000000HvKEAU	00120000011DbCgAAK	Actual Product Commision not found			a0l200000061QZTAA2
a3L200000000HvLEAU	00120000011DbCgAAK	Actual Product Commision not found			a0l200000061QZUAA2
a3L200000000HvMEAU	00120000011DbCgAAK	Actual Product Commision not found			a0l200000061QZVAA2
a3L200000000HvNEAU	00120000011DbCgAAK	Actual Product Commision not found			a0l200000061QZWAA2
a3L200000000HvOEAU	00120000011DbCgAAK	Actual Product Commision not found			a0l200000061QZXAA2
a3L200000000HvPEAU	00120000011DbCgAAK	Actual Product Commision not found			a0l200000061QZYAA2
a3L200000000HvQEAU	00120000011DbCgAAK	Actual Product Commision not found			a0l200000061QZZAA2
a3L200000000HvREAU	00120000011DbCgAAK	Actual Product Commision not found			a0l200000061QZaAAM
a3L200000000HvSEAU	00120000011DbCgAAK	Actual Product Commision not found			a0l200000061QZbAAM
a3L200000000HvTEAU	00120000011DbCgAAK	Actual Product Commision not found			a0l200000061QZcAAM
a3L200000000HvUEAU	00120000011DbCgAAK	Actual Product Commision not found			a0l200000061QZdAAM
a3L200000000HvVEAU	00120000011DbCgAAK	Actual Product Commision not found			a0l200000061QZeAAM
a3L200000000HvWEAU	00120000011DbCgAAK	Actual Product Commision not found			a0l200000061QZfAAM
a3L200000000HvXEAU	00120000011DbCgAAK	Actual Product Commision not found			a0l200000061QZgAAM
a3L200000000HvYEAU	00120000011DbCgAAK	Actual Product Commision not found			a0l200000061QZhAAM
a3L200000000HvaEAE	00120000011DbCgAAK	Actual Product Commision not found			a0l200000061QZjAAM
a3L200000000HvbEAE	00120000011DbCgAAK	Actual Product Commision not found			a0l200000061QZkAAM
a3L200000000HvcEAE	00120000011DbCgAAK	Actual Product Commision not found			a0l200000061QZlAAM
a3L200000000HvdEAE	00120000011DbCgAAK	Actual Product Commision not found			a0l200000061QZmAAM
a3L200000000HveEAE	00120000011DbCgAAK	Actual Product Commision not found			a0l200000061QZnAAM
a3L200000000HvgEAE	00120000011DbCgAAK	Actual Product Commision not found			a0l200000061QZpAAM
a3L200000000HvhEAE	00120000011DbCgAAK	Actual Product Commision not found			a0l200000061QZqAAM
a3L200000000HviEAE	00120000011DbCgAAK	Actual Product Commision not found			a0l200000061QZrAAM
a3L200000000HvjEAE	00120000011DbCgAAK	Actual Product Commision not found			a0l200000061QZsAAM
a3L200000000HvkEAE	00120000011DbCgAAK	Actual Product Commision not found			a0l200000061QZtAAM
a3L200000000HvmEAE	00120000011DbCgAAK	Actual Product Commision not found			a0l200000061QZvAAM
a3L200000000HvnEAE	00120000011DbCgAAK	Actual Product Commision not found			a0l200000061QZwAAM
a3L200000000HvoEAE	00120000011DbCgAAK	Actual Product Commision not found			a0l200000061QZxAAM
a3L200000000HvpEAE	00120000011DbCgAAK	Actual Product Commision not found			a0l200000061QZyAAM
a3L200000000HvqEAE	00120000011DbCgAAK	Actual Product Commision not found			a0l200000061QZzAAM
a3L200000000HvrEAE	00120000011DbCgAAK	Actual Product Commision not found			a0l200000061Qa0AAE
a3L200000000HvsEAE	00120000011DbCgAAK	Actual Product Commision not found			a0l200000061Qa1AAE
a3L200000000HvtEAE	00120000011DbCgAAK	Actual Product Commision not found			a0l200000061Qa2AAE
a3L200000000HvuEAE	00120000011DbCgAAK	Actual Product Commision not found			a0l200000061Qa3AAE
a3L200000000HvvEAE	00120000011DbCgAAK	Actual Product Commision not found			a0l200000061Qa4AAE
a3L200000000HvwEAE	00120000011DbCgAAK	Actual Product Commision not found			a0l200000061QZHAA2
a3L200000000Hv9EAE	00120000011DbCgAAK	Actual Product Commision not found			a0l200000061QZIAA2
a3L200000000HvAEAU	00120000011DbCgAAK	Actual Product Commision not found			a0l200000061QZJAA2
a3L200000000HvBEAU	00120000011DbCgAAK	Actual Product Commision not found			a0l200000061QZKAA2
a3L200000000HvxEAE	00120000011DbCgAAK	Actual Product Commision not found			a0l200000061QZGAA2
a3L200000000HvyEAE	00120000011DbCgAAK	Actual Product Commision not found	a342000000005SPAAY		a0l200000061QZFAA2
a3L200000000HvzEAE	00120000011DbCgAAK	Actual Product Commision not found			a0l200000061QZEAA2
a3L200000000Hw1EAE	00120000011DbCgAAK	Actual Product Commision not found			a0l200000061QZCAA2
a3L200000000Hw3EAE	00120000011DbCgAAK	Actual Product Commision not found			a0l200000061QZAAA2
a3L200000000Hw6EAE	00120000011DbCgAAK	Actual Product Commision not found			a0l200000061QZ7AAM
a3Lw00000000MQHEA2	00120000012BWMDAA4	Actual Product Commision not found			a0lw0000008sWhHAAU
a3Lw00000000MQMEA2	00120000012BWMDAA4	Actual Product Commision not found			a0lw0000008sWhMAAU
a3Lw00000000MUVEA2	0012000000wG97IAAS				a0lw0000008s5CJAAY
a3Lw00000000MUWEA2	0012000000wG97IAAS				a0lw0000008s5CIAAY
a3Lw00000000MUZEA2	0012000000wG97IAAS	Actual Product Commision not found			a0lw0000008s5CFAAY
a3Lw00000000MUaEAM	0012000000wG97IAAS	Actual Product Commision not found			a0lw0000008s5CEAAY
a3Lw00000000MUbEAM	0012000000wG97IAAS	Actual Product Commision not found			a0lw0000008s5CDAAY
a3Lw00000000MUeEAM	0012000000wG97IAAS	Actual Product Commision not found			a0lw0000008s5CAAAY
a3Lw00000000MUfEAM	0012000000wG97IAAS	Actual Product Commision not found			a0lw0000008s5C9AAI
a3Lw00000000MUiEAM	0012000000wG97IAAS				a0lw0000008s5C6AAI
a3Lw00000000MUkEAM	0012000000wG97IAAS	Actual Product Commision not found			a0lw0000008s5C4AAI
a3Lw00000000MUlEAM	0012000000wG97IAAS	Actual Product Commision not found			a0lw0000008s5C3AAI
a3Lw00000000MUmEAM	0012000000wG97IAAS				a0lw0000008s5C2AAI
a3Lw00000000MUnEAM	0012000000wG97IAAS				a0lw0000008s5C1AAI
a3Lw00000000MUoEAM	0012000000wG97IAAS	Actual Product Commision not found			a0lw0000008s5C0AAI
a3Lw00000000MUpEAM	0012000000wG97IAAS	Actual Product Commision not found			a0lw0000008s5BzAAI
a3Lw00000000MUtEAM	0012000000wG97IAAS	Actual Product Commision not found			a0lw0000008s5BvAAI
a3Lw00000000MUuEAM	0012000000wG97IAAS	Actual Product Commision not found			a0lw0000008s5BuAAI
a3Lw00000000MUvEAM	0012000000wG97IAAS	Actual Product Commision not found			a0lw0000008s5BtAAI
a3Lw00000000MUwEAM	0012000000wG97IAAS	Actual Product Commision not found			a0lw0000008s5BsAAI
a3Lw00000000MUxEAM	0012000000wG97IAAS	Actual Product Commision not found			a0lw0000008s5BrAAI
a3L200000000HFmEAM	0012000000wk45TAAQ				a0lw0000008ruEiAAI
a3L200000000HFnEAM	0012000000wk45TAAQ				a0lw0000008ruEhAAI
a3L200000000HFoEAM	0012000000wk45TAAQ				a0lw0000008ruEgAAI
a3L200000000HFpEAM	0012000000wk45TAAQ				a0lw0000008ruEfAAI
a3L200000000HFqEAM	0012000000wk45TAAQ	Actual Product Commision not found			a0lw0000008ruEeAAI
a3L200000000HFsEAM	0012000000wk45TAAQ	Actual Product Commision not found			a0lw0000008ruEcAAI
a3L200000000HFtEAM	0012000000wk45TAAQ	Actual Product Commision not found			a0lw0000008ruEbAAI
a3L200000000HFuEAM	0012000000wk45TAAQ	Actual Product Commision not found			a0lw0000008ruEaAAI
a3L200000000HFvEAM	0012000000wk45TAAQ	Actual Product Commision not found			a0lw0000008ruEZAAY
a3L200000000HFxEAM	0012000000wk45TAAQ	Actual Product Commision not found			a0lw0000008ruEXAAY
a3L200000000HG2EAM	0012000000wk45TAAQ	Actual Product Commision not found			a0lw0000008ruERAAY
a3L200000000HG4EAM	0012000000wk45TAAQ	Actual Product Commision not found			a0lw0000008ruETAAY
a3Lw00000000MMUEA2	00120000012BJw3AAG	Actual Product Commision not found			a0lw0000008s3RTAAY
a3Lw00000000MMVEA2	00120000012BJw3AAG	Actual Product Commision not found			a0lw0000008s3RSAAY
a3Lw00000000MMWEA2	00120000012BJw3AAG	Actual Product Commision not found			a0lw0000008s3RRAAY
a3Lw00000000MMXEA2	00120000012BJw3AAG	Actual Product Commision not found			a0lw0000008s3RQAAY
a3Lw00000000MMZEA2	00120000012BJw3AAG	Actual Product Commision not found			a0lw0000008s3ROAAY
a3Lw00000000MMaEAM	00120000012BJw3AAG	Actual Product Commision not found			a0lw0000008s3RNAAY
a3Lw00000000MMbEAM	00120000012BJw3AAG	Actual Product Commision not found			a0lw0000008s3RMAAY
a3Lw00000000MMdEAM	00120000012BJw3AAG	Actual Product Commision not found			a0lw0000008s3RKAAY
a3Lw00000000MMfEAM	00120000012BJw3AAG	Actual Product Commision not found			a0lw0000008s3RIAAY
a3Lw00000000MMgEAM	00120000012BJw3AAG	Actual Product Commision not found			a0lw0000008s3RHAAY
a3Lw00000000MMhEAM	00120000012BJw3AAG	Actual Product Commision not found			a0lw0000008s3RGAAY
a3Lw00000000MMjEAM	00120000012BJw3AAG	Actual Product Commision not found			a0lw0000008s3REAAY
a3Lw00000000MMlEAM	00120000012BJw3AAG	Actual Product Commision not found			a0lw0000008s3RCAAY
a3Lw00000000MMmEAM	00120000012BJw3AAG	Actual Product Commision not found			a0lw0000008s3RBAAY
a3Lw00000000MN5EAM	00120000012BJw3AAG	Actual Product Commision not found			a0lw0000008s3RWAAY
a3Lw00000000MN6EAM	00120000012BJw3AAG	Actual Product Commision not found			a0lw0000008s3RVAAY
a3Lw00000000MN8EAM	00120000012BJw3AAG	Actual Product Commision not found			a0lw0000008s3RYAAY
a3Lw00000000MNBEA2	00120000012BJw3AAG	Actual Product Commision not found			a0lw0000008s3RfAAI
a3Lw00000000SjTEAU	0012000000jbf5VAAQ	Actual Product Commision not found			a0lw0000008sqQPAAY
a3L200000000DHnEAM	0012000000zI4BIAA0	Actual Product Commision not found			a0l200000061NlgAAE
a3L200000000DIUEA2	0012000000zI4BIAA0	Actual Product Commision not found			a0l200000061NlSAAU
a3L200000000DHpEAM	0012000000zI4BIAA0	Actual Product Commision not found			a0l200000061NliAAE
a3L200000000DHqEAM	0012000000zI4BIAA0	Actual Product Commision not found			a0l200000061NljAAE
a3L200000000DHsEAM	0012000000zI4BIAA0	Actual Product Commision not found			a0l200000061NllAAE
a3L200000000DHtEAM	0012000000zI4BIAA0	Actual Product Commision not found			a0l200000061NlmAAE
a3L200000000DHuEAM	0012000000zI4BIAA0	Actual Product Commision not found			a0l200000061NlnAAE
a3L200000000DHwEAM	0012000000zI4BIAA0	Actual Product Commision not found			a0l200000061NlpAAE
a3L200000000DHyEAM	0012000000zI4BIAA0	Actual Product Commision not found			a0l200000061NlrAAE
a3L200000000DHzEAM	0012000000zI4BIAA0	Actual Product Commision not found			a0l200000061NlsAAE
a3L200000000DI0EAM	0012000000zI4BIAA0	Actual Product Commision not found			a0l200000061NltAAE
a3L200000000DI2EAM	0012000000zI4BIAA0	Actual Product Commision not found			a0l200000061NlvAAE
a3L200000000DI4EAM	0012000000zI4BIAA0	Actual Product Commision not found			a0l200000061NlxAAE
a3L200000000DI5EAM	0012000000zI4BIAA0	Actual Product Commision not found			a0l200000061NlyAAE
a3L200000000DI6EAM	0012000000zI4BIAA0	Actual Product Commision not found			a0l200000061NlzAAE
a3L200000000DI8EAM	0012000000zI4BIAA0	Actual Product Commision not found			a0l200000061Nm1AAE
a3L200000000DIAEA2	0012000000zI4BIAA0				a0l200000061Nm3AAE
a3L200000000DIDEA2	0012000000zI4BIAA0				a0l200000061Nm6AAE
a3L200000000DIFEA2	0012000000zI4BIAA0				a0l200000061Nm8AAE
a3L200000000DIGEA2	0012000000zI4BIAA0				a0l200000061Nm9AAE
a3L200000000DIHEA2	0012000000zI4BIAA0				a0l200000061NmAAAU
a3L200000000DIIEA2	0012000000zI4BIAA0				a0l200000061NmBAAU
a3L200000000DIJEA2	0012000000zI4BIAA0	Actual Product Commision not found			a0l200000061NmCAAU
a3L200000000DILEA2	0012000000zI4BIAA0	Actual Product Commision not found			a0l200000061NmEAAU
a3L200000000DINEA2	0012000000zI4BIAA0	Actual Product Commision not found			a0l200000061NmGAAU
a3L200000000DIOEA2	0012000000zI4BIAA0				a0l200000061NmHAAU
a3L200000000DIVEA2	0012000000zI4BIAA0	Actual Product Commision not found			a0l200000061NlJAAU
a3L200000000DIWEA2	0012000000zI4BIAA0				a0l200000061NlKAAU
a3L200000000DIZEA2	0012000000zI4BIAA0	Actual Product Commision not found			a0l200000061NlNAAU
a3L200000000DIbEAM	0012000000zI4BIAA0	Actual Product Commision not found			a0l200000061NlPAAU
a3L200000000DIREA2	0012000000zI4BIAA0				a0l200000061NmKAAU
a3L200000000DISEA2	0012000000zI4BIAA0				a0l200000061NmLAAU
a3L200000000DITEA2	0012000000zI4BIAA0				a0l200000061NmMAAU
a3L200000000EBLEA2	00120000011DaUFAA0	Actual Product Commision not found			a0lw0000008sII3AAM
a3L200000000EBMEA2	00120000011DaUFAA0	Actual Product Commision not found			a0lw0000008sII2AAM
a3L200000000EBPEA2	00120000011DaUFAA0	Actual Product Commision not found			a0lw0000008sIHyAAM
a3L200000000EBQEA2	00120000011DaUFAA0	Actual Product Commision not found	a342000000005SPAAY		a0lw0000008sIHzAAM
a3L200000000E50EAE	0012000000s2NbVAAU	Actual Product Commision not found			a0l200000061OiHAAU
a3L200000000E51EAE	0012000000s2NbVAAU	Actual Product Commision not found			a0l200000061OiIAAU
a3L200000000E52EAE	0012000000s2NbVAAU	Actual Product Commision not found			a0l200000061OiJAAU
a3L200000000E53EAE	0012000000s2NbVAAU	Actual Product Commision not found			a0l200000061OiKAAU
a3L200000000E54EAE	0012000000s2NbVAAU	Actual Product Commision not found			a0l200000061OiLAAU
a3L200000000E55EAE	0012000000s2NbVAAU	Actual Product Commision not found			a0l200000061OiMAAU
a3L200000000E57EAE	0012000000s2NbVAAU	Actual Product Commision not found			a0l200000061OiOAAU
a3L200000000E58EAE	0012000000s2NbVAAU	Actual Product Commision not found			a0l200000061OiPAAU
a3L200000000E59EAE	0012000000s2NbVAAU	Actual Product Commision not found			a0l200000061OiQAAU
a3L200000000E5AEAU	0012000000s2NbVAAU	Actual Product Commision not found			a0l200000061OiRAAU
a3L200000000E5BEAU	0012000000s2NbVAAU	Actual Product Commision not found			a0l200000061OiSAAU
a3L200000000E5CEAU	0012000000s2NbVAAU	Actual Product Commision not found			a0l200000061OiTAAU
a3L200000000E5DEAU	0012000000s2NbVAAU				a0l200000061OiUAAU
a3L200000000E5EEAU	0012000000s2NbVAAU				a0l200000061OiVAAU
a3L200000000E5GEAU	0012000000s2NbVAAU				a0l200000061OiXAAU
a3L200000000E5HEAU	0012000000s2NbVAAU				a0l200000061OiYAAU
a3L200000000E5IEAU	0012000000s2NbVAAU				a0l200000061OiZAAU
a3L200000000E5JEAU	0012000000s2NbVAAU	Actual Product Commision not found			a0l200000061OiaAAE
a3L200000000E5KEAU	0012000000s2NbVAAU	Actual Product Commision not found			a0l200000061OibAAE
a3L200000000E5LEAU	0012000000s2NbVAAU	Actual Product Commision not found			a0l200000061OicAAE
a3L200000000E5NEAU	0012000000s2NbVAAU	Actual Product Commision not found			a0l200000061OieAAE
a3L200000000E5OEAU	0012000000s2NbVAAU	Actual Product Commision not found			a0l200000061OifAAE
a3L200000000E5PEAU	0012000000s2NbVAAU	Actual Product Commision not found			a0l200000061OigAAE
a3L200000000E5QEAU	0012000000s2NbVAAU	Actual Product Commision not found			a0l200000061OihAAE
a3L200000000E5REAU	0012000000s2NbVAAU	Actual Product Commision not found			a0l200000061OiiAAE
a3L200000000E5TEAU	0012000000s2NbVAAU	Actual Product Commision not found			a0l200000061OikAAE
a3L200000000E5UEAU	0012000000s2NbVAAU	Actual Product Commision not found			a0l200000061OilAAE
a3L200000000E5VEAU	0012000000s2NbVAAU	Actual Product Commision not found			a0l200000061OimAAE
a3L200000000E5WEAU	0012000000s2NbVAAU	Actual Product Commision not found			a0l200000061OinAAE
a3L200000000E5XEAU	0012000000s2NbVAAU	Actual Product Commision not found			a0l200000061OioAAE
a3L200000000E5ZEAU	0012000000s2NbVAAU	Actual Product Commision not found			a0l200000061OiqAAE
a3L200000000E5aEAE	0012000000s2NbVAAU	Actual Product Commision not found			a0l200000061OirAAE
a3L200000000E5bEAE	0012000000s2NbVAAU				a0l200000061OisAAE
a3L200000000E5cEAE	0012000000s2NbVAAU				a0l200000061OitAAE
a3L200000000E5dEAE	0012000000s2NbVAAU				a0l200000061OiuAAE
a3L200000000E5fEAE	0012000000s2NbVAAU				a0l200000061OiwAAE
a3L200000000E5hEAE	0012000000s2NbVAAU	Actual Product Commision not found			a0l200000061Oi9AAE
a3L200000000E5iEAE	0012000000s2NbVAAU	Actual Product Commision not found			a0l200000061OiAAAU
a3L200000000E5jEAE	0012000000s2NbVAAU	Actual Product Commision not found			a0l200000061OiBAAU
a3L200000000E5kEAE	0012000000s2NbVAAU	Actual Product Commision not found			a0l200000061OiCAAU
a3L200000000E5lEAE	0012000000s2NbVAAU	Actual Product Commision not found			a0l200000061OiDAAU
a3L200000000E5nEAE	0012000000s2NbVAAU	Actual Product Commision not found			a0l200000061OiFAAU
a3L200000000Ec0EAE	0012000000yEuodAAC	Actual Product Detail is not found			a0lw0000008t5QgAAI
a3L200000000Ec2EAE	0012000000yEuodAAC	Actual Product Detail is not found			a0lw0000008t5QiAAI
a3L200000000Ec4EAE	0012000000yEuodAAC	Actual Product Detail is not found			a0lw0000008t5QkAAI
a3L200000000Ec5EAE	0012000000yEuodAAC	Actual Product Detail is not found			a0lw0000008t5QlAAI
a3L200000000Ec7EAE	0012000000yEuodAAC	Actual Product Detail is not found			a0lw0000008t5QnAAI
a3L200000000Ec9EAE	0012000000yEuodAAC	Actual Product Detail is not found			a0lw0000008t5QpAAI
a3L200000000EcBEAU	0012000000yEuodAAC	Actual Product Detail is not found			a0lw0000008t5PrAAI
a3L200000000EcCEAU	0012000000yEuodAAC	Actual Product Detail is not found			a0lw0000008t5PsAAI
a3L200000000EcGEAU	0012000000yEuodAAC	Actual Product Detail is not found			a0lw0000008t5PwAAI
a3L200000000EcKEAU	0012000000yEuodAAC	Actual Product Detail is not found			a0lw0000008t5Q0AAI
a3L200000000EcMEAU	0012000000yEuodAAC	Actual Product Detail is not found			a0lw0000008t5Q2AAI
a3L200000000EcQEAU	0012000000yEuodAAC	Actual Product Detail is not found			a0lw0000008t5Q6AAI
a3L200000000EcSEAU	0012000000yEuodAAC	Actual Product Detail is not found			a0lw0000008t5Q8AAI
a3L200000000EcYEAU	0012000000yEuodAAC	Actual Product Detail is not found			a0lw0000008t5QEAAY
a3L200000000EceEAE	0012000000yEuodAAC	Actual Product Detail is not found			a0lw0000008t5QKAAY
a3L200000000EciEAE	0012000000yEuodAAC	Actual Product Detail is not found			a0lw0000008t5QOAAY
a3L200000000EckEAE	0012000000yEuodAAC	Actual Product Detail is not found			a0lw0000008t5QQAAY
a3L200000000EcqEAE	0012000000yEuodAAC	Actual Product Detail is not found			a0lw0000008t5QWAAY
a3L200000000EcsEAE	0012000000yEuodAAC	Actual Product Detail is not found			a0lw0000008t5QYAAY
a3L200000000EcwEAE	0012000000yEuodAAC	Actual Product Detail is not found			a0lw0000008t5QcAAI
a3L200000000EcyEAE	0012000000yEuodAAC	Actual Product Detail is not found			a0lw0000008t5QeAAI
a3L200000000Ed0EAE	0012000000yEuodAAC	Actual Product Commision not found	a342000000005SPAAY		a0lw0000008t5PmAAI
a3L200000000Ed1EAE	0012000000yEuodAAC	Actual Product Commision not found	a342000000005SPAAY		a0lw0000008t5PnAAI
a3Lw00000000SLWEA2	0012000000wmSUuAAM	Actual Product Commision not found	a34w000000006YaAAI		a0lw0000008suwiAAA
a3Lw00000000SLXEA2	0012000000wmSUuAAM	Actual Product Commision not found	a34w000000006YaAAI		a0lw0000008suwjAAA
a3Lw00000000SLYEA2	0012000000wmSUuAAM	Actual Product Commision not found	a34w000000006YVAAY		a0lw0000008suwkAAA
a3Lw00000000SLjEAM	0012000000wmSUuAAM	Actual Product Commision not found	a34w000000006YaAAI		a0lw0000008suwvAAA
a3Lw00000000SLnEAM	0012000000wmSUuAAM	Actual Product Commision not found	a34w000000006YaAAI		a0lw0000008suwzAAA
a3Lw00000000SLsEAM	0012000000wmSUuAAM	Actual Product Commision not found	a34w000000006YkAAI		a0lw0000008suwWAAQ
a3Lw00000000SLvEAM	0012000000wmSUuAAM	Actual Product Commision not found	a34w000000006YkAAI		a0lw0000008suwTAAQ
a3Lw00000000SLxEAM	0012000000wmSUuAAM	Actual Product Commision not found	a34w000000006YkAAI		a0lw0000008suwRAAQ
a3Lw00000000SLyEAM	0012000000wmSUuAAM	Actual Product Commision not found	a34w000000006YkAAI		a0lw0000008suwQAAQ
